"freq_""hz""","amplitude_""db"""
0.0,-25.634389600000002
2.46606691919,-28.8343896
4.93213383838,-60.8343896
7.398200757570001,-60.8343896
9.86426767676,-60.8343896
12.330334595950001,-60.8343896
14.796401515140001,-60.8343896
17.262468434330003,-60.8343896
19.72853535352,-60.8343896
22.19460227271,-60.8343896
24.660669191900002,-60.8343896
27.126736111090004,-60.8343896
29.592803030280002,-60.8343896
32.05886994947,-60.8343896
34.524936868660006,-60.8343896
36.991003787850005,-60.8343896
39.45707070704,-60.8343896
41.92313762623,-60.8343896
44.38920454542,-60.8343896
46.855271464610006,-60.8343896
49.321338383800004,-60.8343896
51.78740530299,-60.8343896
54.25347222218001,-60.8343896
56.71953914137001,-57.634389600000006
59.185606060560005,-56.8343896
61.65167297975,-60.8343896
64.11773989894,-60.8343896
66.58380681813,-60.8343896
69.04987373732001,-60.8343896
71.51594065651001,-60.8343896
73.98200757570001,-60.8343896
76.44807449489001,-56.8343896
78.91414141408,-60.8343896
81.38020833327,-59.634389600000006
83.84627525246,-60.8343896
86.31234217165,-60.8343896
88.77840909084,-60.8343896
91.24447601003001,-60.8343896
93.71054292922001,-60.8343896
96.17660984841001,-60.8343896
98.64267676760001,-60.8343896
101.10874368679,-60.8343896
103.57481060598,-59.634389600000006
106.04087752517,-60.8343896
108.50694444436002,-60.8343896
110.97301136355001,-60.8343896
113.43907828274001,-60.8343896
115.90514520193001,-60.8343896
118.37121212112001,-60.8343896
120.83727904031001,-59.634389600000006
123.3033459595,-59.634389600000006
125.76941287869,-60.8343896
128.23547979788,-60.8343896
130.70154671707002,-60.8343896
133.16761363626,-60.8343896
135.63368055545,-57.634389600000006
138.09974747464003,-60.8343896
140.56581439383,-60.8343896
143.03188131302002,-57.634389600000006
145.49794823221,-57.2343896
147.96401515140002,-60.8343896
150.43008207059,-60.8343896
152.89614898978002,-60.8343896
155.36221590897,-60.8343896
157.82828282816,-60.8343896
160.29434974735003,-60.8343896
162.76041666654,-60.8343896
165.22648358573002,-60.8343896
167.69255050492,-60.8343896
170.15861742411002,-60.8343896
172.6246843433,-60.8343896
175.09075126249002,-60.8343896
177.55681818168,-57.2343896
180.02288510087,-55.634389600000006
182.48895202006003,-60.8343896
184.95501893925,-60.8343896
187.42108585844002,-60.8343896
189.88715277763,-60.8343896
192.35321969682002,-60.8343896
194.81928661601,-60.8343896
197.28535353520002,-51.634389600000006
199.75142045439003,-57.634389600000006
202.21748737358,-60.8343896
204.68355429277003,-60.8343896
207.14962121196,-60.8343896
209.61568813115002,-55.634389600000006
212.08175505034,-59.634389600000006
214.54782196953002,-60.8343896
217.01388888872003,-59.634389600000006
219.47995580791002,-56.8343896
221.94602272710003,-55.634389600000006
224.41208964629,-48.034389600000004
226.87815656548003,-47.634389600000006
229.34422348467,-38.4343896
231.81029040386002,-30.434389600000003
234.27635732305,-16.0343896
236.74242424224002,3.965610399999999
239.20849116143003,6.7656104
241.67455808062002,-3.2343896
244.14062499981003,-24.8343896
246.606691919,-35.634389600000006
249.07275883819003,-42.034389600000004
251.53882575738,-49.2343896
254.00489267657002,-52.034389600000004
256.47095959576,-60.8343896
258.93702651495005,-54.4343896
261.40309343414003,-60.8343896
263.86916035333,-60.8343896
266.33522727252,-60.8343896
268.80129419171004,-60.8343896
271.2673611109,-60.8343896
273.73342803009,-60.8343896
276.19949494928005,-59.634389600000006
278.66556186847004,-60.8343896
281.13162878766,-60.8343896
283.59769570685,-60.8343896
286.06376262604005,-60.8343896
288.52982954523003,-60.8343896
290.99589646442,-60.8343896
293.46196338361,-60.8343896
295.92803030280004,-60.8343896
298.39409722199,-60.8343896
300.86016414118,-60.8343896
303.32623106037005,-60.8343896
305.79229797956003,-60.8343896
308.25836489875,-60.8343896
310.72443181794,-57.2343896
313.19049873713004,-57.2343896
315.65656565632,-60.8343896
318.12263257551,-60.8343896
320.58869949470005,-56.8343896
323.05476641389004,-55.634389600000006
325.52083333308,-59.634389600000006
327.98690025227,-60.8343896
330.45296717146005,-60.8343896
332.91903409065003,-60.8343896
335.38510100984,-60.8343896
337.85116792903005,-60.8343896
340.31723484822004,-60.8343896
342.78330176741,-60.8343896
345.2493686866,-59.634389600000006
347.71543560579005,-60.8343896
350.18150252498003,-60.8343896
352.64756944417,-60.8343896
355.11363636336,-60.8343896
357.57970328255004,-59.634389600000006
360.04577020174,-60.8343896
362.51183712093,-60.8343896
364.97790404012005,-60.8343896
367.44397095931004,-60.8343896
369.9100378785,-60.8343896
372.37610479769,-60.8343896
374.84217171688005,-60.8343896
377.30823863607003,-60.8343896
379.77430555526,-60.8343896
382.24037247445006,-60.8343896
384.70643939364004,-60.8343896
387.17250631283,-59.634389600000006
389.63857323202,-60.8343896
392.10464015121005,-59.634389600000006
394.57070707040003,-54.4343896
397.03677398959,-56.8343896
399.50284090878006,-60.8343896
401.96890782797004,-59.634389600000006
404.43497474716,-53.634389600000006
406.90104166635,-56.8343896
409.36710858554005,-60.8343896
411.83317550473004,-60.8343896
414.29924242392,-60.8343896
416.76530934311006,-60.8343896
419.23137626230005,-60.8343896
421.69744318149003,-59.634389600000006
424.16351010068,-60.8343896
426.62957701987006,-60.8343896
429.09564393906004,-60.8343896
431.56171085825,-60.8343896
434.02777777744006,-56.8343896
436.49384469663005,-59.634389600000006
438.95991161582003,-60.8343896
441.42597853501,-60.8343896
443.89204545420006,-60.8343896
446.35811237339004,-60.8343896
448.82417929258,-60.8343896
451.29024621177,-60.8343896
453.75631313096005,-60.8343896
456.22238005015004,-60.8343896
458.68844696934,-60.8343896
461.15451388853006,-60.8343896
463.62058080772005,-59.634389600000006
466.08664772691003,-54.4343896
468.5527146461,-60.8343896
471.01878156529006,-60.8343896
473.48484848448004,-59.634389600000006
475.95091540367,-55.634389600000006
478.41698232286006,-57.634389600000006
480.88304924205005,-59.634389600000006
483.34911616124003,-59.634389600000006
485.81518308043,-60.8343896
488.28124999962006,-60.8343896
490.74731691881004,-59.634389600000006
493.213383838,-60.8343896
495.67945075719007,-60.8343896
498.14551767638005,-57.2343896
500.61158459557004,-59.634389600000006
503.07765151476,-60.8343896
505.54371843395006,-60.8343896
508.00978535314005,-60.8343896
510.47585227233003,-60.8343896
512.94191919152,-60.8343896
515.40798611071,-60.8343896
517.8740530299001,-55.634389600000006
520.3401199490901,-55.634389600000006
522.8061868682801,-59.634389600000006
525.27225378747,-59.634389600000006
527.73832070666,-60.8343896
530.20438762585,-60.8343896
532.67045454504,-60.8343896
535.1365214642301,-60.8343896
537.6025883834201,-60.8343896
540.0686553026101,-60.8343896
542.5347222218,-60.8343896
545.00078914099,-60.8343896
547.46685606018,-60.8343896
549.93292297937,-60.8343896
552.3989898985601,-59.634389600000006
554.8650568177501,-56.8343896
557.3311237369401,-57.2343896
559.79719065613,-60.8343896
562.26325757532,-60.8343896
564.72932449451,-59.634389600000006
567.1953914137,-59.634389600000006
569.66145833289,-60.8343896
572.1275252520801,-60.8343896
574.5935921712701,-60.8343896
577.0596590904601,-60.8343896
579.52572600965,-60.8343896
581.99179292884,-60.8343896
584.45785984803,-60.8343896
586.92392676722,-60.8343896
589.3899936864101,-60.8343896
591.8560606056001,-60.8343896
594.3221275247901,-60.8343896
596.78819444398,-60.8343896
599.25426136317,-59.634389600000006
601.72032828236,-55.634389600000006
604.18639520155,-60.8343896
606.6524621207401,-60.8343896
609.1185290399301,-60.8343896
611.5845959591201,-59.634389600000006
614.05066287831,-60.8343896
616.5167297975,-60.8343896
618.98279671669,-60.8343896
621.44886363588,-60.8343896
623.9149305550701,-60.8343896
626.3809974742601,-60.8343896
628.8470643934501,-60.8343896
631.31313131264,-60.8343896
633.77919823183,-60.8343896
636.24526515102,-60.8343896
638.71133207021,-60.8343896
641.1773989894001,-57.634389600000006
643.6434659085901,-55.634389600000006
646.1095328277801,-60.8343896
648.57559974697,-60.8343896
651.04166666616,-60.8343896
653.50773358535,-60.8343896
655.97380050454,-60.8343896
658.4398674237301,-56.8343896
660.9059343429201,-59.634389600000006
663.3720012621101,-60.8343896
665.8380681813001,-60.8343896
668.30413510049,-60.8343896
670.77020201968,-60.8343896
673.23626893887,-60.8343896
675.7023358580601,-59.634389600000006
678.1684027772501,-57.634389600000006
680.6344696964401,-60.8343896
683.1005366156301,-60.8343896
685.56660353482,-60.8343896
688.03267045401,-60.8343896
690.4987373732,-59.634389600000006
692.9648042923901,-60.8343896
695.4308712115801,-60.8343896
697.8969381307701,-60.8343896
700.3630050499601,-60.8343896
702.82907196915,-59.634389600000006
705.29513888834,-60.8343896
707.76120580753,-60.8343896
710.22727272672,-60.8343896
712.6933396459101,-56.8343896
715.1594065651001,-46.8343896
717.6254734842901,-52.8343896
720.09154040348,-60.8343896
722.55760732267,-60.8343896
725.02367424186,-60.8343896
727.48974116105,-60.8343896
729.9558080802401,-60.8343896
732.4218749994301,-59.634389600000006
734.8879419186201,-60.8343896
737.35400883781,-60.8343896
739.820075757,-60.8343896
742.28614267619,-60.8343896
744.75220959538,-60.8343896
747.2182765145701,-60.8343896
749.6843434337601,-60.8343896
752.1504103529501,-60.8343896
754.6164772721401,-57.634389600000006
757.08254419133,-59.634389600000006
759.54861111052,-60.8343896
762.01467802971,-59.634389600000006
764.4807449489001,-57.634389600000006
766.9468118680901,-60.8343896
769.4128787872801,-60.8343896
771.8789457064701,-57.2343896
774.34501262566,-60.8343896
776.81107954485,-60.8343896
779.27714646404,-60.8343896
781.7432133832301,-60.8343896
784.2092803024201,-60.8343896
786.6753472216101,-60.8343896
789.1414141408001,-60.8343896
791.60748105999,-60.8343896
794.07354797918,-60.8343896
796.53961489837,-60.8343896
799.0056818175601,-60.8343896
801.4717487367501,-60.8343896
803.9378156559401,-60.8343896
806.4038825751301,-60.8343896
808.86994949432,-60.8343896
811.33601641351,-60.8343896
813.8020833327,-60.8343896
816.2681502518901,-60.8343896
818.7342171710801,-59.634389600000006
821.2002840902701,-57.634389600000006
823.6663510094601,-60.8343896
826.13241792865,-60.8343896
828.59848484784,-60.8343896
831.06455176703,-59.634389600000006
833.5306186862201,-60.8343896
835.9966856054101,-60.8343896
838.4627525246001,-60.8343896
840.9288194437901,-60.8343896
843.3948863629801,-60.8343896
845.86095328217,-60.8343896
848.32702020136,-60.8343896
850.7930871205501,-60.8343896
853.2591540397401,-59.634389600000006
855.7252209589301,-59.634389600000006
858.1912878781201,-60.8343896
860.6573547973101,-60.8343896
863.1234217165,-57.2343896
865.58948863569,-59.634389600000006
868.0555555548801,-60.8343896
870.5216224740701,-55.634389600000006
872.9876893932601,-60.8343896
875.4537563124501,-60.8343896
877.9198232316401,-59.634389600000006
880.38589015083,-60.8343896
882.85195707002,-59.634389600000006
885.31802398921,-60.8343896
887.7840909084001,-60.8343896
890.2501578275901,-60.8343896
892.7162247467801,-60.8343896
895.1822916659701,-60.8343896
897.64835858516,-60.8343896
900.11442550435,-60.8343896
902.58049242354,-57.634389600000006
905.0465593427301,-55.634389600000006
907.5126262619201,-60.8343896
909.9786931811101,-59.634389600000006
912.4447601003001,-60.8343896
914.9108270194901,-60.8343896
917.37689393868,-60.8343896
919.84296085787,-60.8343896
922.3090277770601,-60.8343896
924.7750946962501,-60.8343896
927.2411616154401,-59.634389600000006
929.7072285346301,-56.8343896
932.1732954538201,-59.634389600000006
934.63936237301,-60.8343896
937.1054292922,-59.634389600000006
939.5714962113901,-60.8343896
942.0375631305801,-60.8343896
944.5036300497701,-60.8343896
946.9696969689601,-60.8343896
949.4357638881501,-60.8343896
951.90183080734,-54.4343896
954.36789772653,-51.634389600000006
956.8339646457201,-55.634389600000006
959.3000315649101,-60.8343896
961.7660984841001,-60.8343896
964.2321654032901,-60.8343896
966.6982323224801,-60.8343896
969.16429924167,-60.8343896
971.63036616086,-60.8343896
974.0964330800501,-59.634389600000006
976.5624999992401,-60.8343896
979.0285669184301,-60.8343896
981.4946338376201,-60.8343896
983.9607007568101,-60.8343896
986.426767676,-59.634389600000006
988.89283459519,-57.634389600000006
991.3589015143801,-56.8343896
993.8249684335701,-56.8343896
996.2910353527601,-59.634389600000006
998.7571022719501,-57.634389600000006
1001.2231691911401,-57.634389600000006
1003.6892361103301,-57.634389600000006
1006.15530302952,-60.8343896
1008.6213699487101,-60.8343896
1011.0874368679001,-60.8343896
1013.5535037870901,-59.634389600000006
1016.0195707062801,-57.2343896
1018.4856376254701,-59.634389600000006
1020.9517045446601,-60.8343896
1023.41777146385,-60.8343896
1025.88383838304,-60.8343896
1028.3499053022301,-60.8343896
1030.81597222142,-59.634389600000006
1033.28203914061,-59.634389600000006
1035.7481060598002,-54.4343896
1038.21417297899,-54.4343896
1040.6802398981802,-60.8343896
1043.14630681737,-59.634389600000006
1045.6123737365601,-60.8343896
1048.07844065575,-60.8343896
1050.54450757494,-59.634389600000006
1053.0105744941302,-56.8343896
1055.47664141332,-60.8343896
1057.9427083325102,-60.8343896
1060.4087752517,-59.634389600000006
1062.8748421708901,-60.8343896
1065.34090909008,-56.8343896
1067.80697600927,-60.8343896
1070.2730429284602,-60.8343896
1072.73910984765,-59.634389600000006
1075.2051767668402,-60.8343896
1077.67124368603,-56.8343896
1080.1373106052201,-54.8343896
1082.60337752441,-59.634389600000006
1085.0694444436,-60.8343896
1087.5355113627902,-60.8343896
1090.00157828198,-59.634389600000006
1092.4676452011702,-60.8343896
1094.93371212036,-60.8343896
1097.3997790395501,-60.8343896
1099.86584595874,-57.634389600000006
1102.33191287793,-60.8343896
1104.7979797971202,-60.8343896
1107.26404671631,-59.634389600000006
1109.7301136355002,-60.8343896
1112.19618055469,-60.8343896
1114.6622474738801,-60.8343896
1117.12831439307,-60.8343896
1119.59438131226,-60.8343896
1122.06044823145,-60.8343896
1124.52651515064,-60.8343896
1126.9925820698302,-60.8343896
1129.45864898902,-56.8343896
1131.9247159082101,-54.4343896
1134.3907828274,-60.8343896
1136.8568497465901,-60.8343896
1139.32291666578,-60.8343896
1141.78898358497,-60.8343896
1144.2550505041602,-60.8343896
1146.72111742335,-60.8343896
1149.1871843425401,-59.634389600000006
1151.65325126173,-55.634389600000006
1154.1193181809201,-60.8343896
1156.58538510011,-60.8343896
1159.0514520193,-60.8343896
1161.5175189384902,-59.634389600000006
1163.98358585768,-60.8343896
1166.4496527768702,-60.8343896
1168.91571969606,-60.8343896
1171.3817866152501,-60.8343896
1173.84785353444,-59.634389600000006
1176.31392045363,-59.634389600000006
1178.7799873728202,-60.8343896
1181.24605429201,-60.8343896
1183.7121212112002,-60.8343896
1186.17818813039,-60.8343896
1188.6442550495801,-57.634389600000006
1191.11032196877,-48.4343896
1193.57638888796,-48.8343896
1196.0424558071502,-60.8343896
1198.50852272634,-60.8343896
1200.9745896455302,-59.634389600000006
1203.44065656472,-60.8343896
1205.9067234839101,-60.8343896
1208.3727904031,-55.634389600000006
1210.83885732229,-54.8343896
1213.3049242414802,-54.8343896
1215.77099116067,-59.634389600000006
1218.2370580798602,-60.8343896
1220.70312499905,-60.8343896
1223.1691919182401,-60.8343896
1225.63525883743,-60.8343896
1228.10132575662,-60.8343896
1230.5673926758102,-60.8343896
1233.033459595,-60.8343896
1235.4995265141902,-60.8343896
1237.96559343338,-60.8343896
1240.4316603525701,-60.8343896
1242.89772727176,-59.634389600000006
1245.36379419095,-57.2343896
1247.8298611101402,-60.8343896
1250.29592802933,-59.634389600000006
1252.7619949485202,-60.8343896
1255.22806186771,-56.8343896
1257.6941287869001,-59.634389600000006
1260.16019570609,-60.8343896
1262.62626262528,-60.8343896
1265.0923295444702,-60.8343896
1267.55839646366,-59.634389600000006
1270.0244633828502,-60.8343896
1272.49053030204,-60.8343896
1274.9565972212301,-60.8343896
1277.42266414042,-60.8343896
1279.88873105961,-60.8343896
1282.3547979788002,-60.8343896
1284.82086489799,-60.8343896
1287.2869318171802,-60.8343896
1289.75299873637,-60.8343896
1292.2190656555601,-60.8343896
1294.68513257475,-60.8343896
1297.15119949394,-55.634389600000006
1299.6172664131302,-59.634389600000006
1302.08333333232,-57.2343896
1304.5494002515102,-59.634389600000006
1307.0154671707,-56.8343896
1309.4815340898901,-60.8343896
1311.94760100908,-57.634389600000006
1314.4136679282701,-54.4343896
1316.8797348474602,-56.8343896
1319.34580176665,-60.8343896
1321.8118686858402,-60.8343896
1324.27793560503,-57.2343896
1326.7440025242202,-60.8343896
1329.21006944341,-60.8343896
1331.6761363626001,-60.8343896
1334.1422032817902,-60.8343896
1336.60827020098,-59.634389600000006
1339.0743371201702,-60.8343896
1341.54040403936,-60.8343896
1344.0064709585502,-60.8343896
1346.47253787774,-59.634389600000006
1348.9386047969301,-59.634389600000006
1351.4046717161202,-60.8343896
1353.87073863531,-60.8343896
1356.3368055545002,-60.8343896
1358.80287247369,-60.8343896
1361.2689393928802,-60.8343896
1363.73500631207,-60.8343896
1366.2010732312601,-60.8343896
1368.6671401504502,-59.634389600000006
1371.13320706964,-59.634389600000006
1373.5992739888302,-56.8343896
1376.06534090802,-60.8343896
1378.5314078272102,-60.8343896
1380.9974747464,-60.8343896
1383.4635416655901,-60.8343896
1385.9296085847802,-60.8343896
1388.39567550397,-60.8343896
1390.8617424231602,-60.8343896
1393.32780934235,-60.8343896
1395.7938762615402,-60.8343896
1398.25994318073,-60.8343896
1400.7260100999201,-60.8343896
1403.1920770191102,-60.8343896
1405.6581439383,-60.8343896
1408.1242108574902,-60.8343896
1410.59027777668,-60.8343896
1413.0563446958702,-60.8343896
1415.52241161506,-60.8343896
1417.9884785342501,-60.8343896
1420.45454545344,-60.8343896
1422.92061237263,-60.8343896
1425.3866792918202,-59.634389600000006
1427.85274621101,-57.634389600000006
1430.3188131302002,-60.8343896
1432.78488004939,-57.634389600000006
1435.2509469685801,-59.634389600000006
1437.71701388777,-59.634389600000006
1440.18308080696,-59.634389600000006
1442.6491477261502,-60.8343896
1445.11521464534,-60.8343896
1447.5812815645302,-60.8343896
1450.04734848372,-60.8343896
1452.5134154029101,-60.8343896
1454.9794823221,-60.8343896
1457.44554924129,-57.2343896
1459.9116161604802,-60.8343896
1462.37768307967,-60.8343896
1464.8437499988602,-60.8343896
1467.30981691805,-59.634389600000006
1469.7758838372401,-57.634389600000006
1472.24195075643,-59.634389600000006
1474.70801767562,-60.8343896
1477.1740845948102,-60.8343896
1479.640151514,-60.8343896
1482.1062184331902,-60.8343896
1484.57228535238,-60.8343896
1487.0383522715701,-60.8343896
1489.50441919076,-60.8343896
1491.9704861099501,-60.8343896
1494.4365530291402,-60.8343896
1496.90261994833,-59.634389600000006
1499.3686868675202,-57.2343896
1501.83475378671,-59.634389600000006
1504.3008207059002,-60.8343896
1506.76688762509,-60.8343896
1509.2329545442801,-60.8343896
1511.6990214634702,-60.8343896
1514.16508838266,-60.8343896
1516.6311553018502,-60.8343896
1519.09722222104,-59.634389600000006
1521.5632891402302,-60.8343896
1524.02935605942,-60.8343896
1526.4954229786101,-60.8343896
1528.9614898978002,-60.8343896
1531.42755681699,-60.8343896
1533.8936237361802,-57.2343896
1536.35969065537,-60.8343896
1538.8257575745602,-60.8343896
1541.29182449375,-60.8343896
1543.7578914129401,-60.8343896
1546.2239583321302,-60.8343896
1548.69002525132,-60.8343896
1551.1560921705102,-60.8343896
1553.6221590897,-60.8343896
1556.0882260088902,-60.8343896
1558.55429292808,-60.8343896
1561.0203598472701,-60.8343896
1563.4864267664602,-59.634389600000006
1565.95249368565,-59.634389600000006
1568.4185606048402,-60.8343896
1570.88462752403,-60.8343896
1573.3506944432202,-60.8343896
1575.81676136241,-57.634389600000006
1578.2828282816001,-56.8343896
1580.7488952007902,-60.8343896
1583.21496211998,-60.8343896
1585.6810290391702,-60.8343896
1588.14709595836,-60.8343896
1590.6131628775502,-60.8343896
1593.07922979674,-60.8343896
1595.5452967159301,-54.4343896
1598.0113636351202,-56.8343896
1600.47743055431,-60.8343896
1602.9434974735002,-60.8343896
1605.40956439269,-60.8343896
1607.8756313118802,-60.8343896
1610.34169823107,-60.8343896
1612.8077651502601,-60.8343896
1615.2738320694502,-60.8343896
1617.73989898864,-56.8343896
1620.2059659078302,-57.634389600000006
1622.67203282702,-60.8343896
1625.1380997462102,-59.634389600000006
1627.6041666654,-59.634389600000006
1630.0702335845901,-56.8343896
1632.5363005037802,-60.8343896
1635.00236742297,-60.8343896
1637.4684343421602,-60.8343896
1639.93450126135,-60.8343896
1642.4005681805402,-60.8343896
1644.86663509973,-60.8343896
1647.3327020189201,-59.634389600000006
1649.7987689381102,-60.8343896
1652.2648358573,-60.8343896
1654.7309027764902,-57.2343896
1657.19696969568,-59.634389600000006
1659.6630366148702,-60.8343896
1662.12910353406,-60.8343896
1664.5951704532501,-60.8343896
1667.0612373724402,-59.634389600000006
1669.5273042916301,-60.8343896
1671.9933712108202,-59.634389600000006
1674.45943813001,-60.8343896
1676.9255050492002,-60.8343896
1679.39157196839,-59.634389600000006
1681.8576388875802,-59.634389600000006
1684.3237058067702,-60.8343896
1686.7897727259601,-60.8343896
1689.2558396451502,-59.634389600000006
1691.72190656434,-56.8343896
1694.1879734835302,-60.8343896
1696.65404040272,-60.8343896
1699.1201073219102,-59.634389600000006
1701.5861742411003,-60.8343896
1704.0522411602901,-59.634389600000006
1706.5183080794802,-57.2343896
1708.98437499867,-59.634389600000006
1711.4504419178602,-60.8343896
1713.91650883705,-60.8343896
1716.3825757562402,-57.634389600000006
1718.8486426754303,-60.8343896
1721.3147095946201,-60.8343896
1723.7807765138102,-57.634389600000006
1726.246843433,-56.8343896
1728.7129103521902,-60.8343896
1731.17897727138,-60.8343896
1733.6450441905702,-60.8343896
1736.1111111097603,-60.8343896
1738.5771780289501,-60.8343896
1741.0432449481402,-60.8343896
1743.50931186733,-60.8343896
1745.9753787865202,-60.8343896
1748.44144570571,-60.8343896
1750.9075126249002,-60.8343896
1753.37357954409,-60.8343896
1755.8396464632801,-60.8343896
1758.3057133824702,-60.8343896
1760.77178030166,-59.634389600000006
1763.2378472208502,-60.8343896
1765.70391414004,-57.634389600000006
1768.1699810592302,-59.634389600000006
1770.63604797842,-60.8343896
1773.1021148976101,-60.8343896
1775.5681818168002,-60.8343896
1778.03424873599,-59.634389600000006
1780.5003156551802,-59.634389600000006
1782.96638257437,-59.634389600000006
1785.4324494935602,-60.8343896
1787.89851641275,-60.8343896
1790.3645833319401,-57.634389600000006
1792.8306502511302,-57.2343896
1795.29671717032,-60.8343896
1797.7627840895102,-60.8343896
1800.2288510087,-60.8343896
1802.6949179278902,-60.8343896
1805.16098484708,-60.8343896
1807.6270517662701,-60.8343896
1810.0931186854602,-60.8343896
1812.55918560465,-60.8343896
1815.0252525238402,-60.8343896
1817.49131944303,-60.8343896
1819.9573863622202,-60.8343896
1822.42345328141,-59.634389600000006
1824.8895202006001,-59.634389600000006
1827.3555871197902,-59.634389600000006
1829.8216540389801,-60.8343896
1832.2877209581702,-60.8343896
1834.75378787736,-60.8343896
1837.2198547965502,-60.8343896
1839.68592171574,-60.8343896
1842.1519886349301,-60.8343896
1844.6180555541202,-60.8343896
1847.0841224733101,-59.634389600000006
1849.5501893925002,-60.8343896
1852.01625631169,-59.634389600000006
1854.4823232308802,-60.8343896
1856.94839015007,-60.8343896
1859.4144570692602,-56.8343896
1861.8805239884502,-57.2343896
1864.3465909076401,-60.8343896
1866.8126578268302,-60.8343896
1869.27872474602,-60.8343896
1871.7447916652102,-59.634389600000006
1874.2108585844,-56.8343896
1876.6769255035902,-57.2343896
1879.1429924227803,-59.634389600000006
1881.6090593419701,-60.8343896
1884.0751262611602,-60.8343896
1886.54119318035,-60.8343896
1889.0072600995402,-57.2343896
1891.47332701873,-60.8343896
1893.9393939379202,-60.8343896
1896.4054608571103,-60.8343896
1898.8715277763001,-60.8343896
1901.3375946954902,-56.8343896
1903.80366161468,-60.8343896
1906.2697285338702,-57.2343896
1908.73579545306,-59.634389600000006
1911.2018623722502,-60.8343896
1913.6679292914403,-60.8343896
1916.1339962106301,-60.8343896
1918.6000631298202,-60.8343896
1921.06613004901,-60.8343896
1923.5321969682002,-60.8343896
1925.99826388739,-60.8343896
1928.4643308065802,-59.634389600000006
1930.9303977257703,-60.8343896
1933.3964646449601,-56.8343896
1935.8625315641502,-60.8343896
1938.32859848334,-60.8343896
1940.7946654025302,-60.8343896
1943.26073232172,-56.8343896
1945.7267992409102,-59.634389600000006
1948.1928661601003,-59.634389600000006
1950.6589330792901,-60.8343896
1953.1249999984802,-59.634389600000006
1955.59106691767,-60.8343896
1958.0571338368602,-60.8343896
1960.52320075605,-60.8343896
1962.9892676752402,-60.8343896
1965.4553345944303,-59.634389600000006
1967.9214015136201,-60.8343896
1970.3874684328102,-60.8343896
1972.853535352,-60.8343896
1975.3196022711902,-60.8343896
1977.78566919038,-60.8343896
1980.2517361095702,-60.8343896
1982.7178030287603,-60.8343896
1985.1838699479501,-60.8343896
1987.6499368671402,-60.8343896
1990.11600378633,-60.8343896
1992.5820707055202,-60.8343896
1995.04813762471,-60.8343896
1997.5142045439002,-60.8343896
1999.9802714630903,-60.8343896
2002.4463383822801,-60.8343896
2004.9124053014702,-57.634389600000006
2007.3784722206601,-60.8343896
2009.8445391398502,-60.8343896
2012.31060605904,-60.8343896
2014.7766729782302,-60.8343896
2017.2427398974203,-60.8343896
2019.7088068166101,-60.8343896
2022.1748737358002,-57.634389600000006
2024.6409406549901,-59.634389600000006
2027.1070075741802,-60.8343896
2029.57307449337,-60.8343896
2032.0391414125602,-60.8343896
2034.5052083317503,-59.634389600000006
2036.9712752509402,-60.8343896
2039.4373421701303,-60.8343896
2041.9034090893201,-60.8343896
2044.3694760085102,-59.634389600000006
2046.8355429277,-60.8343896
2049.30160984689,-59.634389600000006
2051.76767676608,-59.634389600000006
2054.2337436852704,-60.8343896
2056.6998106044603,-59.634389600000006
2059.16587752365,-60.8343896
2061.63194444284,-60.8343896
2064.0980113620303,-60.8343896
2066.56407828122,-60.8343896
2069.03014520041,-60.8343896
2071.4962121196004,-56.8343896
2073.9622790387903,-60.8343896
2076.42834595798,-60.8343896
2078.89441287717,-54.4343896
2081.3604797963603,-57.634389600000006
2083.82654671555,-60.8343896
2086.29261363474,-56.8343896
2088.7586805539304,-59.634389600000006
2091.2247474731203,-60.8343896
2093.69081439231,-60.8343896
2096.1568813115,-59.634389600000006
2098.6229482306903,-60.8343896
2101.08901514988,-60.8343896
2103.55508206907,-60.8343896
2106.0211489882604,-60.8343896
2108.4872159074503,-60.8343896
2110.95328282664,-60.8343896
2113.41934974583,-60.8343896
2115.8854166650203,-60.8343896
2118.35148358421,-60.8343896
2120.8175505034,-60.8343896
2123.2836174225904,-60.8343896
2125.7496843417803,-57.634389600000006
2128.21575126097,-59.634389600000006
2130.68181818016,-59.634389600000006
2133.1478850993503,-59.634389600000006
2135.61395201854,-60.8343896
2138.08001893773,-60.8343896
2140.5460858569204,-60.8343896
2143.0121527761103,-60.8343896
2145.4782196953,-59.634389600000006
2147.94428661449,-57.2343896
2150.4103535336803,-60.8343896
2152.87642045287,-59.634389600000006
2155.34248737206,-60.8343896
2157.8085542912504,-60.8343896
2160.2746212104403,-60.8343896
2162.74068812963,-60.8343896
2165.20675504882,-59.634389600000006
2167.6728219680103,-60.8343896
2170.1388888872,-60.8343896
2172.60495580639,-60.8343896
2175.0710227255804,-60.8343896
2177.5370896447703,-60.8343896
2180.00315656396,-60.8343896
2182.46922348315,-60.8343896
2184.9352904023403,-60.8343896
2187.40135732153,-52.8343896
2189.86742424072,-53.634389600000006
2192.3334911599104,-60.8343896
2194.7995580791003,-59.634389600000006
2197.26562499829,-59.634389600000006
2199.73169191748,-57.2343896
2202.1977588366703,-60.8343896
2204.66382575586,-60.8343896
2207.12989267505,-59.634389600000006
2209.5959595942404,-60.8343896
2212.0620265134303,-60.8343896
2214.52809343262,-60.8343896
2216.99416035181,-60.8343896
2219.4602272710003,-60.8343896
2221.92629419019,-60.8343896
2224.39236110938,-60.8343896
2226.85842802857,-60.8343896
2229.3244949477603,-57.634389600000006
2231.79056186695,-59.634389600000006
2234.25662878614,-60.8343896
2236.7226957053304,-60.8343896
2239.18876262452,-60.8343896
2241.65482954371,-60.8343896
2244.1208964629,-60.8343896
2246.5869633820903,-59.634389600000006
2249.05303030128,-57.634389600000006
2251.51909722047,-60.8343896
2253.9851641396604,-60.8343896
2256.45123105885,-60.8343896
2258.91729797804,-59.634389600000006
2261.38336489723,-59.634389600000006
2263.8494318164203,-60.8343896
2266.31549873561,-60.8343896
2268.7815656548,-60.8343896
2271.2476325739904,-59.634389600000006
2273.7136994931802,-59.634389600000006
2276.17976641237,-60.8343896
2278.64583333156,-60.8343896
2281.1119002507503,-60.8343896
2283.57796716994,-60.8343896
2286.04403408913,-60.8343896
2288.5101010083204,-57.634389600000006
2290.9761679275102,-55.634389600000006
2293.4422348467,-59.634389600000006
2295.90830176589,-60.8343896
2298.3743686850803,-60.8343896
2300.84043560427,-60.8343896
2303.30650252346,-60.8343896
2305.7725694426504,-60.8343896
2308.2386363618402,-60.8343896
2310.70470328103,-60.8343896
2313.17077020022,-60.8343896
2315.6368371194103,-59.634389600000006
2318.1029040386,-59.634389600000006
2320.56897095779,-60.8343896
2323.0350378769804,-60.8343896
2325.5011047961702,-59.634389600000006
2327.96717171536,-56.8343896
2330.43323863455,-60.8343896
2332.8993055537403,-60.8343896
2335.36537247293,-60.8343896
2337.83143939212,-60.8343896
2340.2975063113104,-60.8343896
2342.7635732305002,-60.8343896
2345.22964014969,-60.8343896
2347.69570706888,-59.634389600000006
2350.1617739880703,-57.634389600000006
2352.62784090726,-56.8343896
2355.09390782645,-59.634389600000006
2357.5599747456404,-60.8343896
2360.0260416648302,-60.8343896
2362.49210858402,-60.8343896
2364.95817550321,-60.8343896
2367.4242424224003,-60.8343896
2369.89030934159,-60.8343896
2372.35637626078,-60.8343896
2374.8224431799704,-59.634389600000006
2377.2885100991602,-59.634389600000006
2379.75457701835,-60.8343896
2382.22064393754,-60.8343896
2384.6867108567303,-60.8343896
2387.15277777592,-60.8343896
2389.61884469511,-60.8343896
2392.0849116143004,-60.8343896
2394.5509785334903,-60.8343896
2397.01704545268,-60.8343896
2399.48311237187,-60.8343896
2401.9491792910603,-60.8343896
2404.41524621025,-60.8343896
2406.88131312944,-60.8343896
2409.3473800486304,-60.8343896
2411.8134469678203,-60.8343896
2414.27951388701,-60.8343896
2416.7455808062,-59.634389600000006
2419.2116477253903,-57.634389600000006
2421.67771464458,-60.8343896
2424.14378156377,-60.8343896
2426.6098484829604,-60.8343896
2429.0759154021503,-60.8343896
2431.54198232134,-60.8343896
2434.00804924053,-60.8343896
2436.4741161597203,-60.8343896
2438.94018307891,-60.8343896
2441.4062499981,-60.8343896
2443.8723169172904,-60.8343896
2446.3383838364803,-60.8343896
2448.80445075567,-60.8343896
2451.27051767486,-59.634389600000006
2453.7365845940503,-60.8343896
2456.20265151324,-59.634389600000006
2458.66871843243,-59.634389600000006
2461.1347853516204,-60.8343896
2463.6008522708103,-60.8343896
2466.06691919,-60.8343896
2468.53298610919,-60.8343896
2470.9990530283803,-60.8343896
2473.46511994757,-60.8343896
2475.93118686676,-60.8343896
2478.3972537859504,-60.8343896
2480.8633207051403,-57.2343896
2483.32938762433,-56.8343896
2485.79545454352,-60.8343896
2488.2615214627103,-60.8343896
2490.7275883819,-60.8343896
2493.19365530109,-59.634389600000006
2495.6597222202804,-60.8343896
2498.1257891394703,-60.8343896
2500.59185605866,-60.8343896
2503.05792297785,-60.8343896
2505.5239898970403,-59.634389600000006
2507.99005681623,-60.8343896
2510.45612373542,-60.8343896
2512.9221906546104,-57.2343896
2515.3882575738003,-59.634389600000006
2517.85432449299,-60.8343896
2520.32039141218,-60.8343896
2522.7864583313703,-60.8343896
