t,volts
0.0,0.0
4e-07,0.0
8e-07,0.0
1.2e-06,0.0
1.6e-06,-0.002
2e-06,0.0
2.4e-06,0.0
2.8e-06,0.0
3.2e-06,-0.002
3.6e-06,-0.002
4e-06,0.0
4.4e-06,-0.002
4.8e-06,-0.004
5.199999999999999e-06,-0.004
5.6e-06,0.0
6e-06,-0.002
6.4e-06,-0.002
6.799999999999999e-06,-0.004
7.2e-06,-0.006
7.6e-06,-0.006
8e-06,-0.002
8.4e-06,-0.004
8.8e-06,-0.004
9.2e-06,-0.006
9.6e-06,-0.004
9.999999999999999e-06,-0.004
1.0399999999999999e-05,-0.004
1.08e-05,-0.006
1.12e-05,-0.008
1.1599999999999999e-05,-0.008
1.2e-05,-0.008
1.24e-05,-0.008
1.28e-05,-0.006
1.3199999999999999e-05,-0.008
1.3599999999999999e-05,-0.006
1.4e-05,-0.01
1.44e-05,-0.01
1.4799999999999999e-05,-0.008
1.52e-05,-0.004
1.56e-05,-0.008
1.6e-05,-0.008
1.64e-05,-0.006
1.68e-05,-0.012
1.7199999999999998e-05,-0.012
1.76e-05,-0.01
1.8e-05,-0.01
1.84e-05,-0.008
1.88e-05,-0.01
1.92e-05,-0.012
1.96e-05,-0.012
1.9999999999999998e-05,-0.014
2.0399999999999998e-05,-0.012
2.0799999999999997e-05,-0.012
2.12e-05,-0.012
2.16e-05,-0.014
2.2e-05,-0.012
2.24e-05,-0.014
2.28e-05,-0.012
2.3199999999999998e-05,-0.014
2.3599999999999998e-05,-0.014
2.4e-05,-0.016
2.44e-05,-0.014
2.48e-05,-0.012
2.52e-05,-0.016
2.56e-05,-0.012
2.6e-05,-0.012
2.6399999999999998e-05,-0.016
2.6799999999999998e-05,-0.018000000000000002
2.7199999999999997e-05,-0.016
2.76e-05,-0.016
2.8e-05,-0.016
2.84e-05,-0.018000000000000002
2.88e-05,-0.016
2.9199999999999998e-05,-0.018000000000000002
2.9599999999999998e-05,-0.018000000000000002
2.9999999999999997e-05,-0.018000000000000002
3.04e-05,-0.016
3.0799999999999996e-05,-0.016
3.12e-05,-0.018000000000000002
3.1599999999999996e-05,-0.018000000000000002
3.2e-05,-0.018000000000000002
3.24e-05,-0.018000000000000002
3.28e-05,-0.018000000000000002
3.32e-05,-0.022
3.36e-05,-0.018000000000000002
3.4e-05,-0.02
3.4399999999999996e-05,-0.02
3.48e-05,-0.018000000000000002
3.52e-05,-0.02
3.56e-05,-0.018000000000000002
3.6e-05,-0.022
3.64e-05,-0.022
3.68e-05,-0.022
3.7199999999999996e-05,-0.022
3.76e-05,-0.022
3.7999999999999995e-05,-0.022
3.84e-05,-0.022
3.88e-05,-0.024
3.92e-05,-0.02
3.96e-05,-0.022
3.9999999999999996e-05,-0.026000000000000002
4.04e-05,-0.024
4.0799999999999996e-05,-0.024
4.12e-05,-0.024
4.1599999999999995e-05,-0.026000000000000002
4.2e-05,-0.024
4.24e-05,-0.024
4.28e-05,-0.024
4.32e-05,-0.026000000000000002
4.3599999999999996e-05,-0.024
4.4e-05,-0.026000000000000002
4.4399999999999995e-05,-0.026000000000000002
4.48e-05,-0.028
4.52e-05,-0.024
4.56e-05,-0.026000000000000002
4.6e-05,-0.026000000000000002
4.6399999999999996e-05,-0.028
4.68e-05,-0.028
4.7199999999999995e-05,-0.026000000000000002
4.76e-05,-0.03
4.8e-05,-0.03
4.84e-05,-0.026000000000000002
4.88e-05,-0.026000000000000002
4.9199999999999997e-05,-0.03
4.96e-05,-0.028
4.9999999999999996e-05,-0.028
5.04e-05,-0.028
5.0799999999999995e-05,-0.026000000000000002
5.12e-05,-0.028
5.16e-05,-0.032
5.2e-05,-0.028
5.24e-05,-0.026000000000000002
5.2799999999999996e-05,-0.03
5.32e-05,-0.03
5.3599999999999995e-05,-0.03
5.4e-05,-0.03
5.4399999999999994e-05,-0.03
5.48e-05,-0.03
5.52e-05,-0.032
5.5599999999999996e-05,-0.03
5.6e-05,-0.03
5.6399999999999995e-05,-0.032
5.68e-05,-0.032
5.7199999999999994e-05,-0.034
5.76e-05,-0.032
5.8e-05,-0.034
5.8399999999999997e-05,-0.03
5.88e-05,-0.034
5.9199999999999996e-05,-0.032
5.96e-05,-0.034
5.9999999999999995e-05,-0.036000000000000004
6.04e-05,-0.036000000000000004
6.08e-05,-0.034
6.12e-05,-0.034
6.159999999999999e-05,-0.034
6.2e-05,-0.034
6.24e-05,-0.032
6.28e-05,-0.038
6.319999999999999e-05,-0.036000000000000004
6.36e-05,-0.038
6.4e-05,-0.034
6.44e-05,-0.036000000000000004
6.48e-05,-0.038
6.52e-05,-0.038
6.56e-05,-0.036000000000000004
6.599999999999999e-05,-0.038
6.64e-05,-0.038
6.68e-05,-0.038
6.72e-05,-0.04
6.76e-05,-0.038
6.8e-05,-0.04
6.84e-05,-0.04
6.879999999999999e-05,-0.038
6.92e-05,-0.04
6.96e-05,-0.04
7e-05,-0.042
7.04e-05,-0.042
7.08e-05,-0.04
7.12e-05,-0.04
7.159999999999999e-05,-0.042
7.2e-05,-0.04
7.24e-05,-0.04
7.28e-05,-0.044
7.319999999999999e-05,-0.042
7.36e-05,-0.044
7.4e-05,-0.044
7.439999999999999e-05,-0.04
7.48e-05,-0.044
7.52e-05,-0.042
7.56e-05,-0.044
7.599999999999999e-05,-0.044
7.64e-05,-0.044
7.68e-05,-0.044
7.719999999999999e-05,-0.044
7.76e-05,-0.044
7.8e-05,-0.044
7.84e-05,-0.042
7.879999999999999e-05,-0.046
7.92e-05,-0.038
7.96e-05,-0.044
7.999999999999999e-05,-0.046
8.04e-05,-0.046
8.08e-05,-0.046
8.12e-05,-0.05
8.159999999999999e-05,-0.044
8.2e-05,-0.048
8.24e-05,-0.046
8.28e-05,-0.046
8.319999999999999e-05,-0.05
8.36e-05,-0.046
8.4e-05,-0.046
8.439999999999999e-05,-0.05
8.48e-05,-0.048
8.52e-05,-0.048
8.56e-05,-0.048
8.599999999999999e-05,-0.052000000000000005
8.64e-05,-0.05
8.68e-05,-0.05
8.719999999999999e-05,-0.05
8.76e-05,-0.05
8.8e-05,-0.046
8.84e-05,-0.05
8.879999999999999e-05,-0.048
8.92e-05,-0.048
8.96e-05,-0.05
8.999999999999999e-05,-0.05
9.04e-05,-0.05
9.08e-05,-0.05
9.12e-05,-0.052000000000000005
9.159999999999999e-05,-0.052000000000000005
9.2e-05,-0.05
9.24e-05,-0.052000000000000005
9.279999999999999e-05,-0.054
9.32e-05,-0.052000000000000005
9.36e-05,-0.056
9.4e-05,-0.052000000000000005
9.439999999999999e-05,-0.054
9.48e-05,-0.054
9.52e-05,-0.054
9.559999999999999e-05,-0.054
9.6e-05,-0.054
9.64e-05,-0.052000000000000005
9.68e-05,-0.054
9.719999999999999e-05,-0.054
9.76e-05,-0.052000000000000005
9.8e-05,-0.056
9.839999999999999e-05,-0.056
9.879999999999999e-05,-0.054
9.92e-05,-0.056
9.96e-05,-0.058
9.999999999999999e-05,-0.056
0.0001004,-0.056
0.0001008,-0.058
0.0001012,-0.054
0.00010159999999999999,-0.056
0.000102,-0.058
0.0001024,-0.056
0.00010279999999999999,-0.056
0.0001032,-0.058
0.0001036,-0.056
0.000104,-0.058
0.00010439999999999999,-0.058
0.0001048,-0.056
0.0001052,-0.06
0.00010559999999999999,-0.06
0.000106,-0.058
0.0001064,-0.058
0.0001068,-0.058
0.00010719999999999999,-0.06
0.0001076,-0.058
0.000108,-0.062
0.00010839999999999999,-0.058
0.00010879999999999999,-0.06
0.0001092,-0.062
0.0001096,-0.06
0.00010999999999999999,-0.06
0.0001104,-0.062
0.0001108,-0.056
0.00011119999999999999,-0.064
0.00011159999999999999,-0.06
0.000112,-0.06
0.0001124,-0.06
0.00011279999999999999,-0.06
0.0001132,-0.062
0.0001136,-0.06
0.00011399999999999999,-0.062
0.00011439999999999999,-0.064
0.0001148,-0.062
0.0001152,-0.062
0.00011559999999999999,-0.062
0.000116,-0.062
0.0001164,-0.062
0.00011679999999999999,-0.064
0.00011719999999999999,-0.066
0.0001176,-0.062
0.000118,-0.064
0.00011839999999999999,-0.062
0.0001188,-0.062
0.0001192,-0.066
0.0001196,-0.062
0.00011999999999999999,-0.064
0.0001204,-0.066
0.0001208,-0.068
0.00012119999999999999,-0.064
0.0001216,-0.066
0.000122,-0.064
0.0001224,-0.066
0.0001228,-0.068
0.00012319999999999999,-0.068
0.0001236,-0.064
0.000124,-0.066
0.0001244,-0.066
0.0001248,-0.066
0.0001252,-0.066
0.0001256,-0.068
0.000126,-0.068
0.00012639999999999998,-0.064
0.0001268,-0.068
0.0001272,-0.064
0.00012759999999999998,-0.07
0.000128,-0.068
0.0001284,-0.07
0.0001288,-0.068
0.0001292,-0.07
0.0001296,-0.07
0.00013,-0.068
0.0001304,-0.07
0.00013079999999999998,-0.07
0.0001312,-0.068
0.0001316,-0.07
0.00013199999999999998,-0.068
0.0001324,-0.07
0.0001328,-0.07200000000000001
0.00013319999999999999,-0.07200000000000001
0.0001336,-0.07
0.000134,-0.07
0.0001344,-0.07
0.0001348,-0.07200000000000001
0.0001352,-0.07
0.0001356,-0.074
0.000136,-0.07
0.00013639999999999998,-0.074
0.0001368,-0.07
0.0001372,-0.07200000000000001
0.00013759999999999998,-0.07200000000000001
0.000138,-0.074
0.0001384,-0.074
0.00013879999999999999,-0.074
0.0001392,-0.07200000000000001
0.0001396,-0.074
0.00014,-0.07200000000000001
0.0001404,-0.07200000000000001
0.0001408,-0.07200000000000001
0.0001412,-0.074
0.0001416,-0.07200000000000001
0.00014199999999999998,-0.078
0.0001424,-0.076
0.0001428,-0.074
0.00014319999999999998,-0.07200000000000001
0.0001436,-0.074
0.000144,-0.076
0.00014439999999999999,-0.074
0.0001448,-0.074
0.0001452,-0.076
0.0001456,-0.078
0.000146,-0.076
0.00014639999999999998,-0.078
0.0001468,-0.076
0.0001472,-0.078
0.00014759999999999998,-0.076
0.000148,-0.076
0.0001484,-0.078
0.00014879999999999998,-0.076
0.0001492,-0.078
0.0001496,-0.078
0.00015,-0.076
0.0001504,-0.076
0.0001508,-0.076
0.0001512,-0.076
0.0001516,-0.076
0.00015199999999999998,-0.078
0.0001524,-0.078
0.0001528,-0.08
0.00015319999999999998,-0.076
0.0001536,-0.08
0.000154,-0.078
0.00015439999999999999,-0.078
0.0001548,-0.076
0.0001552,-0.08
0.0001556,-0.08
0.000156,-0.08
0.00015639999999999998,-0.078
0.0001568,-0.076
0.0001572,-0.078
0.00015759999999999998,-0.078
0.000158,-0.08
0.0001584,-0.08
0.00015879999999999998,-0.08
0.0001592,-0.08
0.0001596,-0.08
0.00015999999999999999,-0.08
0.0001604,-0.082
0.0001608,-0.082
0.0001612,-0.078
0.0001616,-0.082
0.00016199999999999998,-0.082
0.0001624,-0.08
0.0001628,-0.082
0.00016319999999999998,-0.082
0.0001636,-0.082
0.000164,-0.082
0.00016439999999999998,-0.082
0.0001648,-0.082
0.0001652,-0.084
0.0001656,-0.082
0.000166,-0.084
0.00016639999999999998,-0.082
0.0001668,-0.082
0.0001672,-0.082
0.00016759999999999998,-0.084
0.000168,-0.082
0.0001684,-0.082
0.00016879999999999998,-0.082
0.0001692,-0.084
0.0001696,-0.08
0.00016999999999999999,-0.084
0.0001704,-0.082
0.0001708,-0.082
0.0001712,-0.082
0.0001716,-0.08600000000000001
0.00017199999999999998,-0.08600000000000001
0.0001724,-0.08600000000000001
0.0001728,-0.084
0.00017319999999999998,-0.082
0.0001736,-0.08
0.000174,-0.082
0.00017439999999999998,-0.084
0.0001748,-0.082
0.0001752,-0.088
0.00017559999999999999,-0.084
0.000176,-0.08600000000000001
0.0001764,-0.084
0.0001768,-0.084
0.0001772,-0.084
0.00017759999999999998,-0.088
0.000178,-0.08600000000000001
0.0001784,-0.08600000000000001
0.00017879999999999998,-0.08600000000000001
0.0001792,-0.08600000000000001
0.0001796,-0.08600000000000001
0.00017999999999999998,-0.08600000000000001
0.0001804,-0.08600000000000001
0.0001808,-0.08600000000000001
0.00018119999999999999,-0.08600000000000001
0.0001816,-0.08600000000000001
0.00018199999999999998,-0.088
0.0001824,-0.088
0.0001828,-0.08600000000000001
0.00018319999999999998,-0.088
0.0001836,-0.08600000000000001
0.000184,-0.08600000000000001
0.00018439999999999998,-0.088
0.0001848,-0.08600000000000001
0.0001852,-0.088
0.00018559999999999998,-0.088
0.000186,-0.088
0.0001864,-0.084
0.0001868,-0.088
0.0001872,-0.088
0.00018759999999999998,-0.08600000000000001
0.000188,-0.09
0.0001884,-0.088
0.00018879999999999998,-0.088
0.0001892,-0.088
0.0001896,-0.088
0.00018999999999999998,-0.088
0.0001904,-0.088
0.0001908,-0.088
0.00019119999999999999,-0.088
0.0001916,-0.088
0.000192,-0.088
0.0001924,-0.09
0.0001928,-0.09
0.00019319999999999998,-0.088
0.0001936,-0.088
0.000194,-0.088
0.00019439999999999998,-0.09
0.0001948,-0.09
0.0001952,-0.09
0.00019559999999999998,-0.09
0.000196,-0.088
0.0001964,-0.088
0.00019679999999999999,-0.09
0.0001972,-0.09
0.00019759999999999998,-0.09
0.000198,-0.09
0.0001984,-0.094
0.00019879999999999998,-0.088
0.0001992,-0.09
0.0001996,-0.09
0.00019999999999999998,-0.092
0.0002004,-0.09
0.0002008,-0.092
0.00020119999999999998,-0.09
0.0002016,-0.094
0.000202,-0.09
0.0002024,-0.09
0.0002028,-0.09
0.00020319999999999998,-0.092
0.0002036,-0.092
0.000204,-0.088
0.00020439999999999998,-0.092
0.0002048,-0.092
0.0002052,-0.092
0.00020559999999999998,-0.092
0.000206,-0.094
0.0002064,-0.09
0.00020679999999999999,-0.092
0.0002072,-0.088
0.00020759999999999998,-0.094
0.000208,-0.094
0.0002084,-0.09
0.00020879999999999998,-0.092
0.0002092,-0.092
0.0002096,-0.092
0.00020999999999999998,-0.092
0.0002104,-0.092
0.0002108,-0.09
0.00021119999999999998,-0.094
0.0002116,-0.092
0.000212,-0.09
0.00021239999999999999,-0.094
0.0002128,-0.094
0.00021319999999999998,-0.094
0.0002136,-0.092
0.000214,-0.094
0.00021439999999999998,-0.092
0.0002148,-0.094
0.0002152,-0.092
0.00021559999999999998,-0.094
0.000216,-0.092
0.0002164,-0.094
0.00021679999999999998,-0.092
0.0002172,-0.094
0.00021759999999999998,-0.096
0.00021799999999999999,-0.096
0.0002184,-0.094
0.00021879999999999998,-0.092
0.0002192,-0.094
0.0002196,-0.094
0.00021999999999999998,-0.092
0.0002204,-0.094
0.0002208,-0.094
0.00022119999999999998,-0.094
0.0002216,-0.096
0.000222,-0.096
0.00022239999999999998,-0.096
0.0002228,-0.092
0.00022319999999999998,-0.094
0.0002236,-0.094
0.000224,-0.094
0.00022439999999999998,-0.094
0.0002248,-0.094
0.0002252,-0.096
0.00022559999999999998,-0.094
0.000226,-0.094
0.0002264,-0.092
0.00022679999999999998,-0.096
0.0002272,-0.094
0.0002276,-0.094
0.00022799999999999999,-0.096
0.0002284,-0.094
0.00022879999999999998,-0.094
0.0002292,-0.096
0.0002296,-0.094
0.00022999999999999998,-0.092
0.0002304,-0.096
0.0002308,-0.092
0.00023119999999999998,-0.096
0.0002316,-0.096
0.000232,-0.098
0.00023239999999999998,-0.096
0.0002328,-0.096
0.00023319999999999998,-0.096
0.00023359999999999999,-0.094
0.000234,-0.096
0.00023439999999999998,-0.096
0.0002348,-0.094
0.0002352,-0.096
0.00023559999999999998,-0.094
0.000236,-0.092
0.0002364,-0.098
0.00023679999999999998,-0.098
0.0002372,-0.096
0.0002376,-0.096
0.00023799999999999998,-0.096
0.0002384,-0.094
0.00023879999999999998,-0.096
0.0002392,-0.098
0.0002396,-0.096
0.00023999999999999998,-0.094
0.0002404,-0.096
0.0002408,-0.096
0.00024119999999999998,-0.098
0.0002416,-0.094
0.000242,-0.096
0.00024239999999999998,-0.098
0.0002428,-0.096
0.0002432,-0.094
0.00024359999999999999,-0.094
0.000244,-0.096
0.0002444,-0.096
0.0002448,-0.098
0.0002452,-0.096
0.0002456,-0.098
0.00024599999999999996,-0.096
0.00024639999999999997,-0.096
0.0002468,-0.096
0.0002472,-0.094
0.0002476,-0.098
0.000248,-0.094
0.00024839999999999997,-0.096
0.0002488,-0.094
0.0002492,-0.094
0.0002496,-0.096
0.00025,-0.096
0.0002504,-0.094
0.00025079999999999997,-0.096
0.0002512,-0.096
0.0002516,-0.098
0.000252,-0.098
0.0002524,-0.094
0.00025279999999999996,-0.096
0.0002532,-0.094
0.0002536,-0.094
0.000254,-0.094
0.0002544,-0.096
0.0002548,-0.096
0.00025519999999999997,-0.098
0.0002556,-0.096
0.000256,-0.094
0.0002564,-0.096
0.0002568,-0.098
0.00025719999999999996,-0.096
0.0002576,-0.094
0.000258,-0.096
0.0002584,-0.094
0.0002588,-0.096
0.0002592,-0.096
0.00025959999999999997,-0.094
0.00026,-0.096
0.0002604,-0.094
0.0002608,-0.096
0.0002612,-0.098
0.00026159999999999996,-0.098
0.00026199999999999997,-0.096
0.0002624,-0.092
0.0002628,-0.094
0.0002632,-0.094
0.0002636,-0.098
0.00026399999999999997,-0.098
0.0002644,-0.096
0.0002648,-0.098
0.0002652,-0.094
0.0002656,-0.096
0.000266,-0.094
0.00026639999999999997,-0.098
0.0002668,-0.096
0.0002672,-0.094
0.0002676,-0.096
0.000268,-0.094
0.00026839999999999996,-0.094
0.0002688,-0.094
0.0002692,-0.096
0.0002696,-0.096
0.00027,-0.096
0.0002704,-0.094
0.00027079999999999997,-0.096
0.0002712,-0.094
0.0002716,-0.096
0.000272,-0.098
0.0002724,-0.096
0.00027279999999999996,-0.096
0.00027319999999999997,-0.094
0.0002736,-0.094
0.000274,-0.096
0.0002744,-0.094
0.0002748,-0.094
0.00027519999999999997,-0.096
0.0002756,-0.094
0.000276,-0.096
0.0002764,-0.092
0.0002768,-0.096
0.00027719999999999996,-0.096
0.00027759999999999997,-0.098
0.000278,-0.096
0.0002784,-0.092
0.0002788,-0.094
0.0002792,-0.094
0.00027959999999999997,-0.096
0.00028,-0.094
0.0002804,-0.094
0.0002808,-0.096
0.0002812,-0.096
0.0002816,-0.092
0.00028199999999999997,-0.094
0.0002824,-0.096
0.0002828,-0.094
0.0002832,-0.092
0.0002836,-0.094
0.00028399999999999996,-0.096
0.0002844,-0.096
0.0002848,-0.094
0.0002852,-0.094
0.0002856,-0.094
0.000286,-0.094
0.00028639999999999997,-0.096
0.0002868,-0.092
0.0002872,-0.094
0.0002876,-0.094
0.000288,-0.094
0.00028839999999999996,-0.092
0.00028879999999999997,-0.094
0.0002892,-0.094
0.0002896,-0.094
0.00029,-0.094
0.0002904,-0.096
0.00029079999999999997,-0.094
0.0002912,-0.092
0.0002916,-0.094
0.000292,-0.092
0.0002924,-0.094
0.00029279999999999996,-0.092
0.00029319999999999997,-0.09
0.0002936,-0.094
0.000294,-0.094
0.0002944,-0.094
0.0002948,-0.094
0.00029519999999999997,-0.09
0.0002956,-0.09
0.000296,-0.09
0.0002964,-0.092
0.0002968,-0.094
0.00029719999999999996,-0.096
0.00029759999999999997,-0.094
0.000298,-0.092
0.0002984,-0.092
0.0002988,-0.092
0.0002992,-0.096
0.00029959999999999996,-0.096
0.0003,-0.092
0.0003004,-0.092
0.0003008,-0.092
0.0003012,-0.094
0.0003016,-0.092
0.00030199999999999997,-0.09
0.0003024,-0.09
0.0003028,-0.092
0.0003032,-0.094
0.0003036,-0.09
0.00030399999999999996,-0.092
0.00030439999999999997,-0.09
0.0003048,-0.09
0.0003052,-0.092
0.0003056,-0.09
0.000306,-0.09
0.00030639999999999997,-0.09
0.0003068,-0.09
0.0003072,-0.092
0.0003076,-0.09
0.000308,-0.09
0.00030839999999999996,-0.09
0.00030879999999999997,-0.09
0.0003092,-0.09
0.0003096,-0.092
0.00031,-0.09
0.0003104,-0.092
0.00031079999999999997,-0.09
0.0003112,-0.092
0.0003116,-0.09
0.000312,-0.09
0.0003124,-0.09
0.00031279999999999996,-0.09
0.00031319999999999997,-0.092
0.0003136,-0.09
0.000314,-0.09
0.0003144,-0.09
0.0003148,-0.088
0.00031519999999999996,-0.09
0.0003156,-0.08600000000000001
0.000316,-0.088
0.0003164,-0.08600000000000001
0.0003168,-0.088
0.0003172,-0.09
0.00031759999999999997,-0.088
0.000318,-0.08600000000000001
0.0003184,-0.088
0.0003188,-0.088
0.0003192,-0.088
0.00031959999999999996,-0.08600000000000001
0.00031999999999999997,-0.08600000000000001
0.0003204,-0.09
0.0003208,-0.08600000000000001
0.0003212,-0.08600000000000001
0.0003216,-0.08600000000000001
0.00032199999999999997,-0.08600000000000001
0.0003224,-0.088
0.0003228,-0.088
0.0003232,-0.08600000000000001
0.0003236,-0.088
0.00032399999999999996,-0.088
0.00032439999999999997,-0.08600000000000001
0.0003248,-0.08600000000000001
0.0003252,-0.084
0.0003256,-0.08600000000000001
0.000326,-0.088
0.00032639999999999996,-0.08600000000000001
0.0003268,-0.084
0.0003272,-0.08600000000000001
0.0003276,-0.088
0.000328,-0.084
0.00032839999999999996,-0.08600000000000001
0.00032879999999999997,-0.08600000000000001
0.0003292,-0.084
0.0003296,-0.08600000000000001
0.00033,-0.08600000000000001
0.0003304,-0.08600000000000001
0.00033079999999999996,-0.088
0.0003312,-0.09
0.0003316,-0.084
0.000332,-0.084
0.0003324,-0.084
0.00033279999999999996,-0.084
0.00033319999999999997,-0.084
0.0003336,-0.084
0.000334,-0.082
0.0003344,-0.084
0.0003348,-0.08600000000000001
0.00033519999999999996,-0.082
0.00033559999999999997,-0.084
0.000336,-0.08600000000000001
0.0003364,-0.084
0.0003368,-0.08600000000000001
0.0003372,-0.08600000000000001
0.00033759999999999997,-0.084
0.000338,-0.084
0.0003384,-0.084
0.0003388,-0.084
0.0003392,-0.082
0.00033959999999999996,-0.08
0.00033999999999999997,-0.084
0.0003404,-0.08
0.0003408,-0.08600000000000001
0.0003412,-0.082
0.0003416,-0.08
0.00034199999999999996,-0.08
0.0003424,-0.082
0.0003428,-0.082
0.0003432,-0.084
0.0003436,-0.082
0.00034399999999999996,-0.082
0.00034439999999999997,-0.08
0.0003448,-0.082
0.0003452,-0.08
0.0003456,-0.078
0.000346,-0.08
0.00034639999999999996,-0.082
0.00034679999999999997,-0.078
0.0003472,-0.082
0.0003476,-0.082
0.000348,-0.078
0.00034839999999999996,-0.078
0.00034879999999999997,-0.08
0.0003492,-0.078
0.0003496,-0.08
0.00035,-0.078
0.0003504,-0.08
0.00035079999999999996,-0.078
0.00035119999999999997,-0.078
0.0003516,-0.078
0.000352,-0.078
0.0003524,-0.078
0.0003528,-0.078
0.00035319999999999997,-0.08
0.0003536,-0.078
0.000354,-0.08
0.0003544,-0.078
0.0003548,-0.078
0.00035519999999999996,-0.076
0.00035559999999999997,-0.076
0.000356,-0.076
0.0003564,-0.076
0.0003568,-0.076
0.0003572,-0.076
0.00035759999999999996,-0.076
0.000358,-0.078
0.0003584,-0.08
0.0003588,-0.074
0.0003592,-0.074
0.00035959999999999996,-0.074
0.00035999999999999997,-0.074
0.0003604,-0.078
0.0003608,-0.074
0.0003612,-0.076
0.0003616,-0.074
0.00036199999999999996,-0.07200000000000001
0.00036239999999999997,-0.07200000000000001
0.0003628,-0.076
0.0003632,-0.074
0.0003636,-0.07200000000000001
0.00036399999999999996,-0.074
0.00036439999999999997,-0.074
0.0003648,-0.07200000000000001
0.0003652,-0.076
0.0003656,-0.074
0.000366,-0.074
0.00036639999999999996,-0.074
0.00036679999999999997,-0.074
0.0003672,-0.076
0.0003676,-0.07200000000000001
0.000368,-0.074
0.0003684,-0.074
0.00036879999999999997,-0.07200000000000001
0.0003692,-0.074
0.0003696,-0.07200000000000001
0.00037,-0.07200000000000001
0.0003704,-0.07200000000000001
0.00037079999999999996,-0.074
0.00037119999999999997,-0.07
0.0003716,-0.07
0.000372,-0.07
0.0003724,-0.07
0.0003728,-0.068
0.00037319999999999996,-0.07200000000000001
0.0003736,-0.07200000000000001
0.000374,-0.07200000000000001
0.0003744,-0.07
0.0003748,-0.07
0.00037519999999999996,-0.07
0.00037559999999999997,-0.07200000000000001
0.000376,-0.07
0.0003764,-0.07
0.0003768,-0.07
0.0003772,-0.07
0.00037759999999999996,-0.07
0.00037799999999999997,-0.07
0.0003784,-0.066
0.0003788,-0.068
0.0003792,-0.066
0.00037959999999999996,-0.068
0.00037999999999999997,-0.068
0.0003804,-0.07
0.0003808,-0.066
0.0003812,-0.066
0.0003816,-0.064
0.00038199999999999996,-0.066
0.00038239999999999997,-0.066
0.0003828,-0.068
0.0003832,-0.066
0.0003836,-0.064
0.000384,-0.068
0.00038439999999999997,-0.066
0.0003848,-0.066
0.0003852,-0.064
0.0003856,-0.064
0.000386,-0.064
0.00038639999999999996,-0.064
0.00038679999999999997,-0.064
0.0003872,-0.064
0.0003876,-0.062
0.000388,-0.064
0.0003884,-0.062
0.00038879999999999996,-0.066
0.0003892,-0.062
0.0003896,-0.066
0.00039,-0.062
0.0003904,-0.064
0.00039079999999999996,-0.062
0.00039119999999999997,-0.062
0.0003916,-0.064
0.000392,-0.062
0.0003924,-0.062
0.0003928,-0.06
0.00039319999999999996,-0.06
0.00039359999999999997,-0.06
0.000394,-0.06
0.0003944,-0.062
0.0003948,-0.06
0.00039519999999999996,-0.06
0.00039559999999999997,-0.064
0.000396,-0.058
0.0003964,-0.06
0.0003968,-0.06
0.0003972,-0.06
0.00039759999999999996,-0.06
0.00039799999999999997,-0.062
0.0003984,-0.06
0.0003988,-0.06
0.0003992,-0.056
0.00039959999999999996,-0.058
0.00039999999999999996,-0.058
0.0004004,-0.06
0.0004008,-0.06
0.0004012,-0.056
0.0004016,-0.056
0.00040199999999999996,-0.058
0.00040239999999999997,-0.056
0.0004028,-0.06
0.0004032,-0.056
0.0004036,-0.056
0.000404,-0.058
0.00040439999999999996,-0.056
0.0004048,-0.056
0.0004052,-0.056
0.0004056,-0.058
0.000406,-0.056
0.00040639999999999996,-0.054
0.00040679999999999997,-0.056
0.0004072,-0.054
0.0004076,-0.056
0.000408,-0.054
0.0004084,-0.054
0.00040879999999999996,-0.054
0.00040919999999999997,-0.056
0.0004096,-0.054
0.00041,-0.054
0.0004104,-0.056
0.00041079999999999996,-0.054
0.00041119999999999997,-0.052000000000000005
0.0004116,-0.054
0.000412,-0.052000000000000005
0.0004124,-0.05
0.0004128,-0.052000000000000005
0.00041319999999999996,-0.052000000000000005
0.00041359999999999997,-0.052000000000000005
0.000414,-0.052000000000000005
0.0004144,-0.05
0.0004148,-0.05
0.00041519999999999995,-0.052000000000000005
0.00041559999999999996,-0.05
0.000416,-0.052000000000000005
0.0004164,-0.05
0.0004168,-0.052000000000000005
0.0004172,-0.05
0.00041759999999999996,-0.05
0.00041799999999999997,-0.05
0.0004184,-0.048
0.0004188,-0.046
0.0004192,-0.048
0.0004196,-0.05
0.00041999999999999996,-0.052000000000000005
0.0004204,-0.05
0.0004208,-0.048
0.0004212,-0.046
0.0004216,-0.048
0.00042199999999999996,-0.048
0.00042239999999999997,-0.048
0.0004228,-0.05
0.0004232,-0.048
0.0004236,-0.046
0.000424,-0.05
0.00042439999999999996,-0.046
0.00042479999999999997,-0.048
0.0004252,-0.046
0.0004256,-0.046
0.000426,-0.044
0.00042639999999999996,-0.046
0.00042679999999999997,-0.046
0.0004272,-0.046
0.0004276,-0.046
0.000428,-0.044
0.0004284,-0.044
0.00042879999999999996,-0.042
0.00042919999999999997,-0.046
0.0004296,-0.042
0.00043,-0.044
0.0004304,-0.042
0.00043079999999999995,-0.04
0.00043119999999999996,-0.044
0.0004316,-0.042
0.000432,-0.042
0.0004324,-0.042
0.0004328,-0.042
0.00043319999999999996,-0.04
0.00043359999999999997,-0.042
0.000434,-0.04
0.0004344,-0.04
0.0004348,-0.04
0.00043519999999999995,-0.04
0.00043559999999999996,-0.04
0.00043599999999999997,-0.04
0.0004364,-0.04
0.0004368,-0.038
0.0004372,-0.038
0.00043759999999999996,-0.038
0.00043799999999999997,-0.038
0.0004384,-0.04
0.0004388,-0.036000000000000004
0.0004392,-0.038
0.0004396,-0.038
0.00043999999999999996,-0.04
0.00044039999999999997,-0.038
0.0004408,-0.038
0.0004412,-0.036000000000000004
0.0004416,-0.038
0.00044199999999999996,-0.036000000000000004
0.00044239999999999997,-0.038
0.0004428,-0.036000000000000004
0.0004432,-0.036000000000000004
0.0004436,-0.036000000000000004
0.000444,-0.036000000000000004
0.00044439999999999996,-0.036000000000000004
0.00044479999999999997,-0.038
0.0004452,-0.036000000000000004
0.0004456,-0.034
0.000446,-0.034
0.00044639999999999995,-0.036000000000000004
0.00044679999999999996,-0.034
0.0004472,-0.034
0.0004476,-0.036000000000000004
0.000448,-0.032
0.0004484,-0.032
0.00044879999999999996,-0.032
0.00044919999999999997,-0.034
0.0004496,-0.034
0.00045,-0.032
0.0004504,-0.03
0.00045079999999999995,-0.032
0.00045119999999999996,-0.03
0.00045159999999999997,-0.03
0.000452,-0.03
0.0004524,-0.032
0.0004528,-0.028
0.00045319999999999996,-0.03
0.00045359999999999997,-0.03
0.000454,-0.032
0.0004544,-0.028
0.0004548,-0.03
0.0004552,-0.032
0.00045559999999999996,-0.03
0.00045599999999999997,-0.032
0.0004564,-0.03
0.0004568,-0.028
0.0004572,-0.03
0.00045759999999999996,-0.028
0.00045799999999999997,-0.028
0.0004584,-0.028
0.0004588,-0.028
0.0004592,-0.026000000000000002
0.0004596,-0.024
0.00045999999999999996,-0.026000000000000002
0.00046039999999999997,-0.026000000000000002
0.0004608,-0.024
0.0004612,-0.026000000000000002
0.0004616,-0.024
0.00046199999999999995,-0.024
0.00046239999999999996,-0.026000000000000002
0.0004628,-0.026000000000000002
0.0004632,-0.022
0.0004636,-0.024
0.000464,-0.026000000000000002
0.00046439999999999996,-0.026000000000000002
0.00046479999999999997,-0.024
0.0004652,-0.026000000000000002
0.0004656,-0.024
0.000466,-0.022
0.00046639999999999995,-0.024
0.00046679999999999996,-0.02
0.00046719999999999997,-0.024
0.0004676,-0.022
0.000468,-0.022
0.0004684,-0.02
0.00046879999999999996,-0.024
0.00046919999999999997,-0.022
0.0004696,-0.022
0.00047,-0.022
0.0004704,-0.022
0.0004708,-0.02
0.00047119999999999996,-0.018000000000000002
0.00047159999999999997,-0.018000000000000002
0.000472,-0.022
0.0004724,-0.02
0.0004728,-0.02
0.00047319999999999996,-0.018000000000000002
0.00047359999999999997,-0.02
0.000474,-0.016
0.0004744,-0.018000000000000002
0.0004748,-0.018000000000000002
0.0004752,-0.02
0.00047559999999999996,-0.02
0.00047599999999999997,-0.016
0.0004764,-0.018000000000000002
0.0004768,-0.016
0.0004772,-0.018000000000000002
0.00047759999999999995,-0.014
0.00047799999999999996,-0.016
0.0004784,-0.014
0.0004788,-0.018000000000000002
0.0004792,-0.016
0.0004796,-0.014
0.00047999999999999996,-0.018000000000000002
0.00048039999999999997,-0.014
0.0004808,-0.014
0.0004812,-0.016
0.0004816,-0.014
0.00048199999999999995,-0.018000000000000002
0.00048239999999999996,-0.014
0.00048279999999999997,-0.016
0.0004832,-0.012
0.0004836,-0.012
0.000484,-0.012
0.00048439999999999996,-0.014
0.00048479999999999997,-0.012
0.0004852,-0.014
0.0004856,-0.008
0.000486,-0.014
0.0004864,-0.012
0.00048679999999999996,-0.006
0.00048719999999999997,-0.008
0.0004876,-0.01
0.000488,-0.012
0.0004883999999999999,-0.014
0.0004888,-0.008
0.0004892,-0.01
0.0004896,-0.01
0.00049,-0.008
0.0004904,-0.01
0.0004908,-0.008
0.0004912,-0.008
0.0004916,-0.006
0.0004919999999999999,-0.01
0.0004923999999999999,-0.006
0.0004927999999999999,-0.006
0.0004932,-0.01
0.0004936,-0.004
0.000494,-0.006
0.0004944,-0.008
0.0004948,-0.004
0.0004952,-0.008
0.0004956,-0.006
0.000496,-0.006
0.0004964,-0.006
0.0004967999999999999,-0.006
0.0004971999999999999,-0.006
0.0004976,-0.004
0.000498,-0.006
0.0004984,-0.004
0.0004988,-0.002
0.0004992,-0.006
0.0004996,-0.002
0.0005,0.0
0.0005004,-0.002
0.0005008,-0.002
0.0005011999999999999,-0.002
0.0005015999999999999,-0.002
0.000502,-0.004
0.0005024,0.0
0.0005028,0.0
0.0005032,-0.004
0.0005036,-0.002
0.000504,0.0
0.0005044,0.0
0.0005048,0.002
0.0005052,-0.002
0.0005055999999999999,-0.002
0.0005059999999999999,0.0
0.0005064,0.002
0.0005068,-0.002
0.0005072,0.002
0.0005076,0.002
0.000508,0.004
0.0005084,0.0
0.0005088,0.002
0.0005092,0.0
0.0005096,0.002
0.0005099999999999999,0.002
0.0005103999999999999,0.002
0.0005108,0.002
0.0005112,0.006
0.0005116,0.004
0.000512,0.002
0.0005124,0.004
0.0005128,0.004
0.0005132,0.002
0.0005136,0.006
0.000514,0.004
0.0005143999999999999,0.006
0.0005147999999999999,0.004
0.0005152,0.002
0.0005156,0.006
0.000516,0.008
0.0005164,0.008
0.0005168,0.004
0.0005172,0.006
0.0005176,0.006
0.000518,0.006
0.0005184,0.006
0.0005187999999999999,0.006
0.0005191999999999999,0.006
0.0005195999999999999,0.008
0.00052,0.006
0.0005204,0.008
0.0005208,0.01
0.0005212,0.01
0.0005216,0.008
0.000522,0.008
0.0005224,0.008
0.0005228,0.01
0.0005231999999999999,0.01
0.0005235999999999999,0.01
0.0005239999999999999,0.01
0.0005244,0.01
0.0005248,0.01
0.0005252,0.012
0.0005256,0.01
0.000526,0.012
0.0005264,0.01
0.0005268,0.01
0.0005272,0.014
0.0005275999999999999,0.014
0.0005279999999999999,0.012
0.0005283999999999999,0.012
0.0005288,0.01
0.0005292,0.01
0.0005296,0.012
0.00053,0.014
0.0005304,0.014
0.0005308,0.014
0.0005312,0.016
0.0005316,0.014
0.000532,0.016
0.0005323999999999999,0.018000000000000002
0.0005327999999999999,0.016
0.0005332,0.016
0.0005336,0.016
0.000534,0.016
0.0005344,0.016
0.0005348,0.014
0.0005352,0.016
0.0005356,0.016
0.000536,0.018000000000000002
0.0005364,0.016
0.0005367999999999999,0.018000000000000002
0.0005371999999999999,0.018000000000000002
0.0005376,0.018000000000000002
0.000538,0.018000000000000002
0.0005384,0.018000000000000002
0.0005388,0.018000000000000002
0.0005392,0.018000000000000002
0.0005396,0.02
0.00054,0.022
0.0005404,0.022
0.0005408,0.02
0.0005411999999999999,0.02
0.0005415999999999999,0.02
0.000542,0.022
0.0005424,0.022
0.0005428,0.02
0.0005432,0.022
0.0005436,0.022
0.000544,0.022
0.0005444,0.022
0.0005448,0.022
0.0005452,0.022
0.0005455999999999999,0.024
0.0005459999999999999,0.024
0.0005463999999999999,0.02
0.0005468,0.026000000000000002
0.0005472,0.024
0.0005476,0.026000000000000002
0.000548,0.022
0.0005484,0.024
0.0005488,0.022
0.0005492,0.026000000000000002
0.0005496,0.022
0.0005499999999999999,0.022
0.0005503999999999999,0.026000000000000002
0.0005507999999999999,0.026000000000000002
0.0005512,0.024
0.0005516,0.028
0.000552,0.026000000000000002
0.0005524,0.028
0.0005528,0.028
0.0005532,0.026000000000000002
0.0005536,0.026000000000000002
0.000554,0.026000000000000002
0.0005543999999999999,0.028
0.0005547999999999999,0.026000000000000002
0.0005551999999999999,0.026000000000000002
0.0005556,0.03
0.000556,0.028
0.0005564,0.024
0.0005568,0.03
0.0005572,0.03
0.0005576,0.032
0.000558,0.032
0.0005584,0.03
0.0005587999999999999,0.03
0.0005591999999999999,0.032
0.0005595999999999999,0.03
0.00056,0.032
0.0005604,0.03
0.0005608,0.034
0.0005612,0.03
0.0005616,0.03
0.000562,0.032
0.0005624,0.032
0.0005628,0.032
0.0005632,0.032
0.0005635999999999999,0.034
0.0005639999999999999,0.032
0.0005644,0.034
0.0005648,0.034
0.0005652,0.032
0.0005656,0.038
0.000566,0.036000000000000004
0.0005664,0.032
0.0005668,0.034
0.0005672,0.034
0.0005676,0.034
0.0005679999999999999,0.036000000000000004
0.0005683999999999999,0.036000000000000004
0.0005688,0.034
0.0005692,0.036000000000000004
0.0005696,0.036000000000000004
0.00057,0.036000000000000004
0.0005704,0.038
0.0005708,0.038
0.0005712,0.036000000000000004
0.0005716,0.038
0.000572,0.038
0.0005723999999999999,0.042
0.0005727999999999999,0.036000000000000004
0.0005732,0.036000000000000004
0.0005736,0.038
0.000574,0.038
0.0005744,0.036000000000000004
0.0005748,0.038
0.0005752,0.04
0.0005756,0.04
0.000576,0.04
0.0005764,0.04
0.0005767999999999999,0.04
0.0005771999999999999,0.04
0.0005775999999999999,0.04
0.000578,0.04
0.0005784,0.04
0.0005788,0.042
0.0005792,0.042
0.0005796,0.04
0.00058,0.04
0.0005804,0.042
0.0005808,0.042
0.0005811999999999999,0.038
0.0005815999999999999,0.04
0.0005819999999999999,0.044
0.0005824,0.044
0.0005828,0.044
0.0005832,0.044
0.0005836,0.046
0.000584,0.044
0.0005844,0.044
0.0005848,0.046
0.0005852,0.044
0.0005855999999999999,0.046
0.0005859999999999999,0.044
0.0005863999999999999,0.046
0.0005868,0.046
0.0005872,0.048
0.0005876,0.046
0.000588,0.046
0.0005884,0.046
0.0005888,0.046
0.0005892,0.046
0.0005896,0.048
0.0005899999999999999,0.046
0.0005903999999999999,0.048
0.0005907999999999999,0.046
0.0005912,0.048
0.0005916,0.044
0.000592,0.048
0.0005924,0.05
0.0005928,0.05
0.0005932,0.048
0.0005936,0.048
0.000594,0.05
0.0005943999999999999,0.046
0.0005947999999999999,0.05
0.0005951999999999999,0.05
0.0005956,0.05
0.000596,0.048
0.0005964,0.05
0.0005968,0.052000000000000005
0.0005972,0.052000000000000005
0.0005976,0.052000000000000005
0.000598,0.05
0.0005984,0.052000000000000005
0.0005988,0.052000000000000005
0.0005991999999999999,0.048
0.0005995999999999999,0.054
0.0006,0.054
0.0006004,0.052000000000000005
0.0006008,0.048
0.0006012,0.054
0.0006016,0.052000000000000005
0.000602,0.056
0.0006024,0.05
0.0006028,0.052000000000000005
0.0006032,0.052000000000000005
0.0006035999999999999,0.054
0.0006039999999999999,0.054
0.0006044,0.054
0.0006048,0.054
0.0006052,0.052000000000000005
0.0006056,0.054
0.000606,0.052000000000000005
0.0006064,0.054
0.0006068,0.054
0.0006072,0.058
0.0006076,0.054
0.0006079999999999999,0.056
0.0006083999999999999,0.056
0.0006087999999999999,0.058
0.0006092,0.054
0.0006096,0.056
0.00061,0.056
0.0006104,0.056
0.0006108,0.056
0.0006112,0.056
0.0006116,0.058
0.000612,0.058
0.0006123999999999999,0.056
0.0006127999999999999,0.058
0.0006131999999999999,0.056
0.0006136,0.058
0.000614,0.056
0.0006144,0.058
0.0006148,0.06
0.0006152,0.06
0.0006156,0.058
0.000616,0.058
0.0006164,0.06
0.0006167999999999999,0.062
0.0006171999999999999,0.056
0.0006175999999999999,0.06
0.000618,0.058
0.0006184,0.06
0.0006188,0.06
0.0006192,0.06
0.0006196,0.062
0.00062,0.06
0.0006204,0.058
0.0006208,0.06
0.0006211999999999999,0.062
0.0006215999999999999,0.058
0.0006219999999999999,0.062
0.0006224,0.06
0.0006228,0.062
0.0006232,0.062
0.0006236,0.064
0.000624,0.062
0.0006244,0.062
0.0006248,0.062
0.0006252,0.064
0.0006255999999999999,0.066
0.0006259999999999999,0.066
0.0006263999999999999,0.06
0.0006268,0.068
0.0006272,0.062
0.0006276,0.064
0.000628,0.062
0.0006284,0.064
0.0006288,0.062
0.0006292,0.066
0.0006296,0.066
0.0006299999999999999,0.068
0.0006303999999999999,0.062
0.0006307999999999999,0.064
0.0006312,0.064
0.0006316,0.066
0.000632,0.068
0.0006324,0.066
0.0006328,0.068
0.0006332,0.068
0.0006336,0.064
0.000634,0.064
0.0006344,0.066
0.0006347999999999999,0.066
0.0006351999999999999,0.066
0.0006355999999999999,0.066
0.000636,0.066
0.0006364,0.068
0.0006368,0.068
0.0006372,0.068
0.0006376,0.068
0.000638,0.068
0.0006384,0.068
0.0006388,0.068
0.0006391999999999999,0.07
0.0006395999999999999,0.07
0.0006399999999999999,0.07200000000000001
0.0006404,0.068
0.0006408,0.07
0.0006412,0.07
0.0006416,0.07
0.000642,0.07
0.0006424,0.07
0.0006428,0.07
0.0006432,0.07
0.0006435999999999999,0.076
0.0006439999999999999,0.07200000000000001
0.0006443999999999999,0.068
0.0006448,0.07
0.0006452,0.07
0.0006456,0.07200000000000001
0.000646,0.07
0.0006464,0.07200000000000001
0.0006468,0.07200000000000001
0.0006472,0.07200000000000001
0.0006476,0.07200000000000001
0.0006479999999999999,0.07
0.0006483999999999999,0.074
0.0006487999999999999,0.074
0.0006492,0.074
0.0006496,0.076
0.00065,0.074
0.0006504,0.07200000000000001
0.0006508,0.074
0.0006512,0.074
0.0006516,0.076
0.000652,0.074
0.0006523999999999999,0.07200000000000001
0.0006527999999999999,0.074
0.0006531999999999999,0.076
0.0006536,0.074
0.000654,0.07200000000000001
0.0006544,0.07200000000000001
0.0006548,0.074
0.0006552,0.076
0.0006556,0.076
0.000656,0.074
0.0006564,0.076
0.0006567999999999999,0.074
0.0006571999999999999,0.076
0.0006575999999999999,0.074
0.000658,0.076
0.0006584,0.076
0.0006588,0.074
0.0006592,0.078
0.0006596,0.076
0.00066,0.078
0.0006604,0.076
0.0006608,0.076
0.0006611999999999999,0.078
0.0006615999999999999,0.078
0.0006619999999999999,0.076
0.0006624,0.078
0.0006628,0.078
0.0006632,0.078
0.0006636,0.076
0.000664,0.078
0.0006644,0.076
0.0006648,0.078
0.0006652,0.076
0.0006655999999999999,0.08
0.0006659999999999999,0.08
0.0006663999999999999,0.08
0.0006667999999999999,0.076
0.0006672,0.078
0.0006676,0.078
0.000668,0.078
0.0006684,0.078
0.0006688,0.078
0.0006692,0.082
0.0006696,0.078
0.00067,0.078
0.0006703999999999999,0.078
0.0006707999999999999,0.078
0.0006711999999999999,0.078
0.0006716,0.08
0.000672,0.082
0.0006724,0.078
0.0006728,0.082
0.0006732,0.08
0.0006736,0.078
0.000674,0.08
0.0006744,0.076
0.0006747999999999999,0.08
0.0006751999999999999,0.078
0.0006755999999999999,0.08
0.000676,0.08
0.0006764,0.082
0.0006768,0.078
0.0006772,0.08
0.0006776,0.082
0.000678,0.08
0.0006784,0.08
0.0006788,0.084
0.0006791999999999999,0.08
0.0006795999999999999,0.082
0.0006799999999999999,0.08
0.0006804,0.08
0.0006808,0.082
0.0006812,0.082
0.0006816,0.082
0.000682,0.084
0.0006824,0.082
0.0006828,0.084
0.0006832,0.08
0.0006835999999999999,0.082
0.0006839999999999999,0.08
0.0006843999999999999,0.08600000000000001
0.0006848,0.08
0.0006852,0.082
0.0006856,0.084
0.000686,0.084
0.0006864,0.082
0.0006868,0.08600000000000001
0.0006872,0.082
0.0006876,0.08
0.0006879999999999999,0.08600000000000001
0.0006883999999999999,0.084
0.0006887999999999999,0.08600000000000001
0.0006892,0.084
0.0006896,0.084
0.00069,0.082
0.0006904,0.082
0.0006908,0.084
0.0006912,0.084
0.0006916,0.084
0.000692,0.084
0.0006923999999999999,0.084
0.0006927999999999999,0.08600000000000001
0.0006931999999999999,0.082
0.0006935999999999999,0.084
0.000694,0.08600000000000001
0.0006944,0.08600000000000001
0.0006948,0.084
0.0006952,0.08600000000000001
0.0006956,0.08600000000000001
0.000696,0.088
0.0006964,0.084
0.0006967999999999999,0.084
0.0006971999999999999,0.084
0.0006975999999999999,0.08600000000000001
0.0006979999999999999,0.08600000000000001
0.0006984,0.084
0.0006988,0.08600000000000001
0.0006992,0.088
0.0006996,0.084
0.0007,0.082
0.0007004,0.08600000000000001
0.0007008,0.084
0.0007012,0.088
0.0007015999999999999,0.088
0.0007019999999999999,0.08600000000000001
0.0007023999999999999,0.08600000000000001
0.0007028,0.088
0.0007032,0.08600000000000001
0.0007036,0.08600000000000001
0.000704,0.088
0.0007044,0.088
0.0007048,0.088
0.0007052,0.088
0.0007056,0.08600000000000001
0.0007059999999999999,0.08600000000000001
0.0007063999999999999,0.082
0.0007067999999999999,0.088
0.0007072,0.08600000000000001
0.0007076,0.088
0.000708,0.088
0.0007084,0.088
0.0007088,0.088
0.0007092,0.088
0.0007096,0.088
0.00071,0.08600000000000001
0.0007103999999999999,0.08600000000000001
0.0007107999999999999,0.09
0.0007111999999999999,0.088
0.0007116,0.092
0.000712,0.09
0.0007124,0.08600000000000001
0.0007128,0.088
0.0007132,0.08600000000000001
0.0007136,0.09
0.000714,0.09
0.0007144,0.088
0.0007147999999999999,0.08600000000000001
0.0007151999999999999,0.088
0.0007155999999999999,0.088
0.000716,0.09
0.0007164,0.088
0.0007168,0.088
0.0007172,0.088
0.0007176,0.09
0.000718,0.088
0.0007184,0.09
0.0007188,0.09
0.0007191999999999999,0.094
0.0007195999999999999,0.088
0.0007199999999999999,0.088
0.0007204,0.09
0.0007208,0.09
0.0007212,0.09
0.0007216,0.09
0.000722,0.088
0.0007224,0.09
0.0007228,0.09
0.0007232,0.088
0.0007235999999999999,0.088
0.0007239999999999999,0.092
0.0007243999999999999,0.09
0.0007247999999999999,0.088
0.0007252,0.092
0.0007256,0.092
0.000726,0.088
0.0007264,0.09
0.0007268,0.092
0.0007272,0.09
0.0007276,0.09
0.0007279999999999999,0.09
0.0007283999999999999,0.092
0.0007287999999999999,0.092
0.0007291999999999999,0.092
0.0007296,0.09
0.00073,0.094
0.0007304,0.092
0.0007308,0.092
0.0007312,0.09
0.0007316,0.092
0.000732,0.09
0.0007323999999999999,0.092
0.0007327999999999999,0.09
0.0007331999999999999,0.092
0.0007335999999999999,0.092
0.000734,0.092
0.0007344,0.092
0.0007348,0.092
0.0007352,0.09
0.0007356,0.092
0.000736,0.09
0.0007364,0.092
0.0007368,0.088
0.0007371999999999999,0.09
0.0007375999999999999,0.09
0.0007379999999999999,0.09
0.0007384,0.09
0.0007388,0.092
0.0007392,0.088
0.0007396,0.088
0.00074,0.092
0.0007404,0.09
0.0007408,0.092
0.0007412,0.092
0.0007415999999999999,0.092
0.0007419999999999999,0.094
0.0007423999999999999,0.094
0.0007428,0.09
0.0007432,0.092
0.0007436,0.09
0.000744,0.094
0.0007444,0.09
0.0007448,0.094
0.0007452,0.09
0.0007456,0.094
0.0007459999999999999,0.09
0.0007463999999999999,0.092
0.0007467999999999999,0.09
0.0007472,0.094
0.0007476,0.09
0.000748,0.094
0.0007484,0.094
0.0007488,0.096
0.0007492,0.09
0.0007496,0.092
0.00075,0.09
0.0007503999999999999,0.09
0.0007507999999999999,0.094
0.0007511999999999999,0.09
0.0007516,0.094
0.000752,0.092
0.0007524,0.09
0.0007528,0.09
0.0007532,0.092
0.0007536,0.092
0.000754,0.094
0.0007544,0.092
0.0007547999999999999,0.092
0.0007551999999999999,0.092
0.0007555999999999999,0.092
0.0007559999999999999,0.09
0.0007564,0.09
0.0007568,0.09
0.0007572,0.094
0.0007576,0.09
0.000758,0.094
0.0007584,0.092
0.0007588,0.092
0.0007591999999999999,0.09
0.0007595999999999999,0.092
0.0007599999999999999,0.09
0.0007603999999999999,0.09
0.0007608,0.094
0.0007612,0.092
0.0007616,0.088
0.000762,0.09
0.0007624,0.092
0.0007628,0.092
0.0007632,0.09
0.0007635999999999999,0.094
0.0007639999999999999,0.09
0.0007643999999999999,0.09
0.0007647999999999999,0.092
0.0007652,0.094
0.0007656,0.094
0.000766,0.09
0.0007664,0.094
0.0007668,0.092
0.0007672,0.092
0.0007676,0.092
0.000768,0.088
0.0007683999999999999,0.088
0.0007687999999999999,0.094
0.0007691999999999999,0.09
0.0007696,0.09
0.00077,0.092
0.0007704,0.092
0.0007708,0.09
0.0007712,0.092
0.0007716,0.09
0.000772,0.092
0.0007724,0.088
0.0007727999999999999,0.092
0.0007731999999999999,0.09
0.0007735999999999999,0.092
0.000774,0.09
0.0007744,0.092
0.0007748,0.092
0.0007752,0.092
0.0007756,0.092
0.000776,0.09
0.0007764,0.09
0.0007768,0.09
0.0007771999999999999,0.09
0.0007775999999999999,0.092
0.0007779999999999999,0.09
0.0007784,0.09
0.0007788,0.088
0.0007792,0.08600000000000001
0.0007796,0.092
0.00078,0.09
0.0007804,0.092
0.0007808,0.09
0.0007812,0.09
0.0007815999999999999,0.09
0.0007819999999999999,0.09
0.0007823999999999999,0.09
0.0007827999999999999,0.09
0.0007832,0.092
0.0007836,0.09
0.000784,0.09
0.0007844,0.09
0.0007848,0.088
0.0007852,0.094
0.0007856,0.088
0.0007859999999999999,0.09
0.0007863999999999999,0.088
0.0007867999999999999,0.092
0.0007871999999999999,0.088
0.0007876,0.092
0.000788,0.094
0.0007884,0.092
0.0007888,0.09
0.0007892,0.088
0.0007896,0.088
0.00079,0.088
0.0007903999999999999,0.09
0.0007907999999999999,0.09
0.0007911999999999999,0.088
0.0007915999999999999,0.09
0.000792,0.088
0.0007924,0.088
0.0007928,0.08600000000000001
0.0007932,0.088
0.0007936,0.088
0.000794,0.088
0.0007944,0.088
0.0007947999999999999,0.088
0.0007951999999999999,0.09
0.0007955999999999999,0.088
0.0007959999999999999,0.088
0.0007964,0.088
0.0007968,0.09
0.0007972,0.084
0.0007976,0.088
0.000798,0.088
0.0007984,0.09
0.0007988,0.084
0.0007991999999999999,0.088
0.0007995999999999999,0.092
0.0007999999999999999,0.09
0.0008003999999999999,0.088
0.0008008,0.088
0.0008012,0.08600000000000001
0.0008016,0.088
0.000802,0.088
0.0008024,0.088
0.0008028,0.088
0.0008032,0.088
0.0008036,0.088
0.0008039999999999999,0.084
0.0008043999999999999,0.08600000000000001
0.0008047999999999999,0.09
0.0008052,0.08600000000000001
0.0008056,0.088
0.000806,0.08600000000000001
0.0008064,0.084
0.0008068,0.088
0.0008072,0.08600000000000001
0.0008076,0.09
0.000808,0.08600000000000001
0.0008083999999999999,0.088
0.0008087999999999999,0.084
0.0008091999999999999,0.08600000000000001
0.0008096,0.08600000000000001
0.00081,0.09
0.0008104,0.08600000000000001
0.0008108,0.08600000000000001
0.0008112,0.08600000000000001
0.0008116,0.088
0.000812,0.082
0.0008124,0.08600000000000001
0.0008127999999999999,0.08600000000000001
0.0008131999999999999,0.08600000000000001
0.0008135999999999999,0.084
0.0008139999999999999,0.084
0.0008144,0.084
0.0008148,0.08600000000000001
0.0008152,0.08
0.0008156,0.084
0.000816,0.082
0.0008164,0.082
0.0008168,0.084
0.0008171999999999999,0.08600000000000001
0.0008175999999999999,0.084
0.0008179999999999999,0.084
0.0008183999999999999,0.084
0.0008188,0.082
0.0008192,0.082
0.0008196,0.084
0.00082,0.08600000000000001
0.0008204,0.082
0.0008208,0.082
0.0008212,0.084
0.0008215999999999999,0.084
0.0008219999999999999,0.08
0.0008223999999999999,0.082
0.0008227999999999999,0.08
0.0008232,0.084
0.0008236,0.082
0.000824,0.084
0.0008244,0.082
0.0008248,0.084
0.0008252,0.082
0.0008256,0.08
0.0008259999999999999,0.078
0.0008263999999999999,0.082
0.0008267999999999999,0.082
0.0008271999999999999,0.084
0.0008276,0.084
0.000828,0.082
0.0008284,0.08
0.0008288,0.08
0.0008292,0.08
0.0008296,0.082
0.00083,0.08
0.0008303999999999999,0.082
0.0008307999999999999,0.08
0.0008311999999999999,0.08
0.0008315999999999999,0.08
0.000832,0.082
0.0008324,0.08
0.0008328,0.082
0.0008332,0.078
0.0008336,0.08
0.000834,0.08
0.0008344,0.078
0.0008347999999999999,0.082
0.0008351999999999999,0.076
0.0008355999999999999,0.076
0.0008359999999999999,0.078
0.0008364,0.08
0.0008368,0.076
0.0008372,0.08
0.0008376,0.08
0.000838,0.08
0.0008384,0.076
0.0008388,0.078
0.0008392,0.078
0.0008395999999999999,0.08
0.0008399999999999999,0.078
0.0008403999999999999,0.078
0.0008408,0.078
0.0008412,0.078
0.0008416,0.076
0.000842,0.076
0.0008424,0.076
0.0008428,0.08
0.0008432,0.076
0.0008436,0.076
0.0008439999999999999,0.078
0.0008443999999999999,0.076
0.0008447999999999999,0.076
0.0008451999999999999,0.076
0.0008456,0.078
0.000846,0.076
0.0008464,0.078
0.0008468,0.076
0.0008472,0.078
0.0008476,0.076
0.000848,0.078
0.0008483999999999999,0.074
0.0008487999999999999,0.076
0.0008491999999999999,0.074
0.0008495999999999999,0.076
0.00085,0.074
0.0008504,0.076
0.0008508,0.074
0.0008512,0.078
0.0008516,0.07200000000000001
0.000852,0.074
0.0008524,0.07200000000000001
0.0008527999999999999,0.076
0.0008531999999999999,0.07200000000000001
0.0008535999999999999,0.07200000000000001
0.0008539999999999999,0.074
0.0008544,0.07200000000000001
0.0008548,0.07200000000000001
0.0008552,0.074
0.0008556,0.07200000000000001
0.000856,0.07200000000000001
0.0008564,0.074
0.0008568,0.07200000000000001
0.0008571999999999999,0.07200000000000001
0.0008575999999999999,0.074
0.0008579999999999999,0.07200000000000001
0.0008583999999999999,0.07
0.0008588,0.07200000000000001
0.0008592,0.07
0.0008596,0.07
0.00086,0.07
0.0008604,0.07
0.0008608,0.07200000000000001
0.0008612,0.07
0.0008615999999999999,0.07
0.0008619999999999999,0.07200000000000001
0.0008623999999999999,0.068
0.0008627999999999999,0.07
0.0008632,0.07200000000000001
0.0008636,0.068
0.000864,0.07
0.0008644,0.07200000000000001
0.0008648,0.068
0.0008652,0.068
0.0008656,0.068
0.0008659999999999999,0.068
0.0008663999999999999,0.068
0.0008667999999999999,0.07
0.0008671999999999999,0.07
0.0008676,0.07
0.000868,0.066
0.0008684,0.068
0.0008688,0.066
0.0008692,0.068
0.0008696,0.068
0.00087,0.068
0.0008703999999999999,0.066
0.0008707999999999999,0.068
0.0008711999999999999,0.066
0.0008715999999999999,0.066
0.0008719999999999999,0.068
0.0008724,0.066
0.0008728,0.068
0.0008732,0.068
0.0008736,0.066
0.000874,0.066
0.0008744,0.07
0.0008748,0.064
0.0008751999999999999,0.068
0.0008755999999999999,0.064
0.0008759999999999999,0.066
0.0008763999999999999,0.062
0.0008768,0.068
0.0008772,0.066
0.0008776,0.066
0.000878,0.062
0.0008784,0.064
0.0008788,0.064
0.0008792,0.062
0.0008795999999999999,0.064
0.0008799999999999999,0.064
0.0008803999999999999,0.062
0.0008807999999999999,0.062
0.0008812,0.064
0.0008816,0.066
0.000882,0.062
0.0008824,0.064
0.0008828,0.064
0.0008832,0.06
0.0008836,0.062
0.0008839999999999999,0.064
0.0008843999999999999,0.064
0.0008847999999999999,0.062
0.0008851999999999999,0.062
0.0008856,0.062
0.000886,0.062
0.0008864,0.062
0.0008868,0.062
0.0008872,0.062
0.0008876,0.06
0.000888,0.058
0.0008883999999999999,0.06
0.0008887999999999999,0.06
0.0008891999999999999,0.062
0.0008895999999999999,0.06
0.00089,0.058
0.0008904,0.058
0.0008908,0.058
0.0008912,0.06
0.0008916,0.06
0.000892,0.058
0.0008924,0.058
0.0008927999999999999,0.056
0.0008931999999999999,0.06
0.0008935999999999999,0.056
0.0008939999999999999,0.06
0.0008944,0.062
0.0008948,0.06
0.0008952,0.054
0.0008956,0.058
0.000896,0.058
0.0008964,0.056
0.0008968,0.056
0.0008971999999999999,0.058
0.0008975999999999999,0.054
0.0008979999999999999,0.054
0.0008983999999999999,0.056
0.0008988,0.058
0.0008992,0.054
0.0008996,0.054
0.0009,0.054
0.0009004,0.056
0.0009008,0.054
0.0009012,0.052000000000000005
0.0009015999999999999,0.054
0.0009019999999999999,0.054
0.0009023999999999999,0.056
0.0009027999999999999,0.052000000000000005
0.0009031999999999999,0.054
0.0009036,0.05
0.000904,0.056
0.0009044,0.05
0.0009048,0.052000000000000005
0.0009052,0.054
0.0009056,0.052000000000000005
0.000906,0.052000000000000005
0.0009063999999999999,0.054
0.0009067999999999999,0.05
0.0009071999999999999,0.054
0.0009075999999999999,0.05
0.000908,0.054
0.0009084,0.05
0.0009088,0.05
0.0009092,0.05
0.0009096,0.05
0.00091,0.05
0.0009104,0.05
0.0009107999999999999,0.05
0.0009111999999999999,0.05
0.0009115999999999999,0.048
0.0009119999999999999,0.048
0.0009124,0.048
0.0009128,0.05
0.0009132,0.046
0.0009136,0.048
0.000914,0.048
0.0009144,0.048
0.0009148,0.048
0.0009151999999999999,0.048
0.0009155999999999999,0.048
0.0009159999999999999,0.048
0.0009163999999999999,0.048
0.0009168,0.044
0.0009172,0.044
0.0009176,0.044
0.000918,0.046
0.0009184,0.046
0.0009188,0.048
0.0009192,0.046
0.0009195999999999999,0.046
0.0009199999999999999,0.042
0.0009203999999999999,0.046
0.0009207999999999999,0.046
0.0009212,0.044
0.0009216,0.044
0.000922,0.048
0.0009224,0.044
0.0009228,0.042
0.0009232,0.044
0.0009236,0.044
0.0009239999999999999,0.042
0.0009243999999999999,0.042
0.0009247999999999999,0.042
0.0009251999999999999,0.04
0.0009256,0.042
0.000926,0.042
0.0009264,0.04
0.0009268,0.044
0.0009272,0.04
0.0009276,0.04
0.000928,0.04
0.0009283999999999999,0.04
0.0009287999999999999,0.044
0.0009291999999999999,0.04
0.0009295999999999999,0.042
0.0009299999999999999,0.038
0.0009304,0.04
0.0009308,0.036000000000000004
0.0009312,0.04
0.0009316,0.038
0.000932,0.038
0.0009324,0.038
0.0009327999999999999,0.04
0.0009331999999999999,0.038
0.0009335999999999999,0.038
0.0009339999999999999,0.036000000000000004
0.0009343999999999999,0.038
0.0009348,0.036000000000000004
0.0009352,0.036000000000000004
0.0009356,0.036000000000000004
0.000936,0.038
0.0009364,0.038
0.0009368,0.036000000000000004
0.0009371999999999999,0.036000000000000004
0.0009375999999999999,0.036000000000000004
0.0009379999999999999,0.036000000000000004
0.0009383999999999999,0.036000000000000004
0.0009387999999999999,0.032
0.0009392,0.036000000000000004
0.0009396,0.034
0.00094,0.036000000000000004
0.0009404,0.034
0.0009408,0.034
0.0009412,0.036000000000000004
0.0009416,0.032
0.0009419999999999999,0.036000000000000004
0.0009423999999999999,0.034
0.0009427999999999999,0.036000000000000004
0.0009431999999999999,0.032
0.0009436,0.036000000000000004
0.000944,0.032
0.0009444,0.032
0.0009448,0.03
0.0009452,0.032
0.0009456,0.032
0.000946,0.032
0.0009463999999999999,0.03
0.0009467999999999999,0.032
0.0009471999999999999,0.032
0.0009475999999999999,0.032
0.000948,0.028
0.0009484,0.03
0.0009488,0.032
0.0009492,0.03
0.0009496,0.03
0.00095,0.03
0.0009504,0.03
0.0009507999999999999,0.028
0.0009511999999999999,0.03
0.0009515999999999999,0.028
0.0009519999999999999,0.028
0.0009524,0.026000000000000002
0.0009528,0.028
0.0009532,0.028
0.0009536,0.03
0.000954,0.026000000000000002
0.0009544,0.028
0.0009548,0.026000000000000002
0.0009551999999999999,0.028
0.0009555999999999999,0.026000000000000002
0.0009559999999999999,0.026000000000000002
0.0009563999999999999,0.028
0.0009568,0.024
0.0009572,0.028
0.0009576,0.026000000000000002
0.000958,0.024
0.0009584,0.026000000000000002
0.0009588,0.026000000000000002
0.0009592,0.024
0.0009595999999999999,0.022
0.0009599999999999999,0.024
0.0009603999999999999,0.022
0.0009607999999999999,0.022
0.0009611999999999999,0.022
0.0009616,0.022
0.000962,0.022
0.0009624,0.02
0.0009628,0.022
0.0009632,0.022
0.0009636,0.02
0.0009639999999999999,0.022
0.0009643999999999999,0.022
0.0009647999999999999,0.02
0.0009651999999999999,0.022
0.0009655999999999999,0.022
0.000966,0.02
0.0009664,0.02
0.0009668,0.02
0.0009672,0.016
0.0009676,0.02
0.000968,0.02
0.0009683999999999999,0.02
0.0009687999999999999,0.018000000000000002
0.0009691999999999999,0.018000000000000002
0.0009695999999999999,0.016
0.0009699999999999999,0.018000000000000002
0.0009704,0.016
0.0009708,0.016
0.0009712,0.016
0.0009716,0.016
0.000972,0.016
0.0009724,0.016
0.0009728,0.016
0.0009731999999999999,0.016
0.0009735999999999999,0.016
0.0009739999999999999,0.016
0.0009743999999999999,0.014
0.0009748,0.016
0.0009752,0.018000000000000002
0.0009756,0.014
0.000976,0.016
0.0009764,0.014
0.0009767999999999999,0.014
0.0009772,0.012
0.0009776,0.012
0.000978,0.012
0.0009784,0.014
0.0009788,0.012
0.0009792,0.014
0.0009796,0.012
0.00098,0.012
0.0009804,0.012
0.0009808,0.01
0.0009812,0.01
0.0009816,0.014
0.000982,0.01
0.0009824,0.01
0.0009828,0.012
0.0009832,0.014
0.0009836,0.01
0.0009839999999999998,0.012
0.0009843999999999999,0.008
0.0009847999999999999,0.01
0.0009851999999999999,0.008
0.0009855999999999999,0.01
0.000986,0.012
0.0009864,0.008
0.0009868,0.006
0.0009872,0.006
0.0009876,0.008
0.000988,0.008
0.0009884,0.004
0.0009888,0.006
0.0009892,0.01
0.0009896,0.006
0.00099,0.008
0.0009904,0.004
0.0009908,0.006
0.0009912,0.006
0.0009916,0.006
0.000992,0.006
0.0009924,0.006
0.0009928,0.004
0.0009931999999999999,0.006
0.0009935999999999999,0.004
0.0009939999999999999,0.004
0.0009943999999999999,0.004
0.0009948,0.002
0.0009952,0.002
0.0009956,0.004
0.000996,0.004
0.0009964,0.002
0.0009968,0.002
0.0009972,0.0
0.0009976,0.004
0.000998,0.0
0.0009984,0.0
0.0009988,0.002
0.0009992,0.002
0.0009996,-0.002
