time_s,volts
0.0,1.368
2e-05,0.912
4e-05,0.912
6.000000000000001e-05,0.456
8e-05,0.456
0.0001,0.0
0.00012000000000000002,-0.456
0.00014000000000000001,-0.456
0.00016,-0.912
0.00018,-0.912
0.0002,-1.368
0.00022,-1.368
0.00024000000000000003,-1.824
0.00026000000000000003,-1.824
0.00028000000000000003,-2.2800000000000002
0.00030000000000000003,-2.736
0.00032,-2.736
0.00034,-3.192
0.00036,-3.192
0.00038,-3.648
0.0004,-4.104
0.00042,-4.104
0.00044,-4.104
0.00046,-4.104
0.00048000000000000007,-4.5600000000000005
0.0005,-5.016
0.0005200000000000001,-5.016
0.00054,-5.016
0.0005600000000000001,-5.472
0.00058,-5.928
0.0006000000000000001,-5.472
0.00062,-6.384
0.00064,-5.928
0.0006600000000000001,-6.384
0.00068,-6.84
0.0007000000000000001,-6.84
0.00072,-6.84
0.0007400000000000001,-6.84
0.00076,-7.296
0.0007800000000000001,-7.752000000000001
0.0008,-7.752000000000001
0.0008200000000000001,-7.752000000000001
0.00084,-7.752000000000001
0.0008600000000000001,-7.752000000000001
0.00088,-8.664
0.0009000000000000001,-8.208
0.00092,-8.664
0.0009400000000000001,-8.664
0.0009600000000000001,-8.664
0.0009800000000000002,-9.120000000000001
0.001,-8.664
0.00102,-9.120000000000001
0.0010400000000000001,-9.120000000000001
0.0010600000000000002,-9.120000000000001
0.00108,-9.120000000000001
0.0011,-9.120000000000001
0.0011200000000000001,-9.576
0.0011400000000000002,-9.120000000000001
0.00116,-9.120000000000001
0.00118,-8.664
0.0012000000000000001,-9.120000000000001
0.0012200000000000002,-9.120000000000001
0.00124,-9.120000000000001
0.00126,-9.120000000000001
0.00128,-9.120000000000001
0.0013000000000000002,-9.120000000000001
0.0013200000000000002,-9.120000000000001
0.00134,-8.664
0.00136,-8.664
0.0013800000000000002,-9.120000000000001
0.0014000000000000002,-9.120000000000001
0.00142,-8.664
0.00144,-8.664
0.0014600000000000001,-8.664
0.0014800000000000002,-8.208
0.0015,-8.208
0.00152,-7.752000000000001
0.0015400000000000001,-8.208
0.0015600000000000002,-7.752000000000001
0.00158,-7.752000000000001
0.0016,-7.296
0.0016200000000000001,-7.752000000000001
0.0016400000000000002,-7.296
0.0016600000000000002,-6.84
0.00168,-6.84
0.0017000000000000001,-6.384
0.0017200000000000002,-6.384
0.0017400000000000002,-6.384
0.00176,-6.384
0.0017800000000000001,-5.928
0.0018000000000000002,-5.928
0.0018200000000000002,-5.472
0.00184,-5.016
0.00186,-5.472
0.0018800000000000002,-4.5600000000000005
0.0019000000000000002,-4.5600000000000005
0.0019200000000000003,-4.5600000000000005
0.00194,-4.5600000000000005
0.0019600000000000004,-3.648
0.00198,-3.648
0.002,-3.648
0.00202,-3.192
0.00204,-3.192
0.00206,-2.736
0.0020800000000000003,-2.736
0.0021000000000000003,-2.2800000000000002
0.0021200000000000004,-1.824
0.00214,-1.824
0.00216,-1.368
0.00218,-0.912
0.0022,-0.912
0.00222,-0.912
0.0022400000000000002,-0.456
0.0022600000000000003,-0.456
0.0022800000000000003,0.0
0.0023000000000000004,0.0
0.00232,0.456
0.00234,0.456
0.00236,1.368
0.00238,1.368
0.0024000000000000002,1.824
0.0024200000000000003,1.824
0.0024400000000000003,2.2800000000000002
0.0024600000000000004,2.736
0.00248,2.736
0.0025,3.192
0.00252,3.192
0.00254,3.648
0.00256,3.648
0.0025800000000000003,4.104
0.0026000000000000003,3.648
0.0026200000000000004,4.5600000000000005
0.0026400000000000004,4.5600000000000005
0.00266,4.5600000000000005
0.00268,5.016
0.0027,5.016
0.00272,5.928
0.0027400000000000002,5.928
0.0027600000000000003,5.928
0.0027800000000000004,6.384
0.0028000000000000004,6.84
0.00282,6.384
0.00284,6.84
0.00286,7.296
0.00288,7.296
0.0029000000000000002,7.296
0.0029200000000000003,7.752000000000001
0.0029400000000000003,7.752000000000001
0.0029600000000000004,7.752000000000001
0.0029800000000000004,8.208
0.003,7.752000000000001
0.00302,8.208
0.00304,8.664
0.0030600000000000002,8.208
0.0030800000000000003,8.664
0.0031000000000000003,8.664
0.0031200000000000004,8.664
0.0031400000000000004,9.120000000000001
0.00316,8.664
0.00318,9.120000000000001
0.0032,8.664
0.00322,9.120000000000001
0.0032400000000000003,9.576
0.0032600000000000003,9.576
0.0032800000000000004,9.576
0.0033000000000000004,9.576
0.0033200000000000005,9.576
0.00334,9.576
0.00336,9.576
0.00338,9.576
0.0034000000000000002,9.576
0.0034200000000000003,9.576
0.0034400000000000003,9.120000000000001
0.0034600000000000004,9.120000000000001
0.0034800000000000005,10.032
0.0035,9.576
0.00352,9.576
0.00354,9.576
0.0035600000000000002,9.576
0.0035800000000000003,9.576
0.0036000000000000003,9.576
0.0036200000000000004,9.576
0.0036400000000000004,9.120000000000001
0.0036600000000000005,9.120000000000001
0.00368,9.120000000000001
0.0037,9.120000000000001
0.00372,8.664
0.0037400000000000003,8.664
0.0037600000000000003,8.664
0.0037800000000000004,8.664
0.0038000000000000004,8.664
0.0038200000000000005,8.208
0.0038400000000000005,8.208
0.00386,8.208
0.00388,7.752000000000001
0.0039000000000000003,7.752000000000001
0.003920000000000001,7.752000000000001
0.00394,7.296
0.00396,7.296
0.00398,6.84
0.004,6.84
0.00402,6.384
0.00404,6.384
0.00406,6.384
0.00408,6.84
0.0041,6.384
0.00412,5.928
0.0041400000000000005,5.928
0.0041600000000000005,5.016
0.0041800000000000006,4.5600000000000005
0.004200000000000001,5.016
0.004220000000000001,4.5600000000000005
0.004240000000000001,4.104
0.004260000000000001,4.104
0.00428,4.104
0.0043,3.192
0.00432,3.192
0.00434,3.192
0.00436,2.736
0.00438,2.736
0.0044,1.824
0.00442,1.824
0.00444,1.824
0.00446,1.368
0.0044800000000000005,0.912
0.0045000000000000005,0.456
0.004520000000000001,0.456
0.004540000000000001,0.456
0.004560000000000001,0.0
0.004580000000000001,-0.456
0.004600000000000001,-0.456
0.00462,-0.912
0.00464,-0.912
0.00466,-1.368
0.00468,-1.368
0.0047,-1.368
0.00472,-1.824
0.00474,-2.2800000000000002
0.00476,-2.2800000000000002
0.00478,-2.2800000000000002
0.0048000000000000004,-2.736
0.0048200000000000005,-2.736
0.0048400000000000006,-2.736
0.004860000000000001,-3.648
0.004880000000000001,-3.192
0.004900000000000001,-4.104
0.004920000000000001,-4.5600000000000005
0.004940000000000001,-4.104
0.00496,-4.5600000000000005
0.00498,-5.016
0.005,-5.472
0.00502,-5.472
0.00504,-5.472
0.00506,-5.928
0.00508,-5.928
0.0051,-5.928
0.00512,-6.384
0.0051400000000000005,-6.84
0.0051600000000000005,-6.84
0.005180000000000001,-6.84
0.005200000000000001,-7.296
0.005220000000000001,-7.296
0.005240000000000001,-7.296
0.005260000000000001,-7.752000000000001
0.005280000000000001,-7.752000000000001
0.0053,-7.752000000000001
0.00532,-8.208
0.00534,-8.208
0.00536,-8.208
0.00538,-8.208
0.0054,-8.664
0.00542,-9.120000000000001
0.00544,-9.120000000000001
0.0054600000000000004,-8.664
0.0054800000000000005,-9.120000000000001
0.0055000000000000005,-9.120000000000001
0.005520000000000001,-8.664
0.005540000000000001,-9.120000000000001
0.005560000000000001,-9.120000000000001
0.005580000000000001,-9.120000000000001
0.005600000000000001,-9.576
0.005620000000000001,-8.664
0.00564,-9.120000000000001
0.00566,-9.120000000000001
0.00568,-9.120000000000001
0.0057,-9.120000000000001
0.00572,-9.120000000000001
0.00574,-8.664
0.00576,-9.120000000000001
0.00578,-9.120000000000001
0.0058000000000000005,-9.120000000000001
0.0058200000000000005,-9.120000000000001
0.005840000000000001,-8.664
0.005860000000000001,-9.120000000000001
0.005880000000000001,-9.120000000000001
0.005900000000000001,-8.208
0.005920000000000001,-8.208
0.005940000000000001,-8.664
0.005960000000000001,-8.664
0.00598,-7.752000000000001
0.006,-7.752000000000001
0.00602,-7.752000000000001
0.00604,-7.296
0.00606,-7.752000000000001
0.00608,-7.752000000000001
0.0061,-6.84
0.0061200000000000004,-7.296
0.0061400000000000005,-6.84
0.0061600000000000005,-6.84
0.006180000000000001,-6.384
0.006200000000000001,-6.384
0.006220000000000001,-5.928
0.006240000000000001,-6.384
0.006260000000000001,-5.928
0.006280000000000001,-5.472
0.006300000000000001,-5.472
0.00632,-5.016
0.00634,-5.016
0.00636,-4.5600000000000005
0.00638,-4.5600000000000005
0.0064,-4.5600000000000005
0.00642,-4.5600000000000005
0.00644,-4.104
0.0064600000000000005,-3.192
0.0064800000000000005,-3.192
0.006500000000000001,-2.736
0.006520000000000001,-2.736
0.006540000000000001,-2.736
0.006560000000000001,-2.2800000000000002
0.006580000000000001,-2.2800000000000002
0.006600000000000001,-1.824
0.006620000000000001,-1.368
0.006640000000000001,-1.368
0.00666,-0.912
0.00668,-0.912
0.0067,-0.456
0.00672,-0.456
0.00674,0.0
0.00676,0.0
0.0067800000000000004,0.456
0.0068000000000000005,0.456
0.0068200000000000005,0.912
0.006840000000000001,1.368
0.006860000000000001,1.368
0.006880000000000001,2.2800000000000002
0.006900000000000001,2.2800000000000002
0.006920000000000001,2.2800000000000002
0.006940000000000001,2.736
0.006960000000000001,2.736
0.006980000000000001,3.192
0.007,3.192
0.00702,3.648
0.00704,3.648
0.00706,4.104
0.00708,4.5600000000000005
0.0071,4.104
0.0071200000000000005,4.5600000000000005
0.0071400000000000005,4.5600000000000005
0.0071600000000000006,5.016
0.007180000000000001,5.016
0.007200000000000001,5.928
0.007220000000000001,5.928
0.007240000000000001,6.384
0.007260000000000001,6.384
0.007280000000000001,6.84
0.007300000000000001,6.84
0.007320000000000001,6.84
0.00734,6.84
0.00736,6.84
0.00738,7.296
0.0074,7.752000000000001
0.00742,7.752000000000001
0.00744,8.208
0.0074600000000000005,8.208
0.0074800000000000005,8.208
0.007500000000000001,8.208
0.007520000000000001,8.664
0.007540000000000001,8.664
0.007560000000000001,8.664
0.007580000000000001,8.664
0.007600000000000001,9.120000000000001
0.007620000000000001,9.120000000000001
0.007640000000000001,9.120000000000001
0.007660000000000001,9.120000000000001
0.007680000000000001,9.120000000000001
0.0077,9.120000000000001
0.00772,9.120000000000001
0.00774,9.576
0.00776,9.120000000000001
0.0077800000000000005,9.576
0.0078000000000000005,10.032
0.00782,9.576
0.007840000000000001,9.576
0.00786,9.576
0.00788,9.576
0.0079,9.576
0.00792,9.576
0.007940000000000001,9.576
0.00796,9.576
0.007980000000000001,9.576
0.008,10.032
0.008020000000000001,9.576
0.00804,9.576
0.008060000000000001,9.576
0.00808,9.120000000000001
0.008100000000000001,9.576
0.00812,9.120000000000001
0.008140000000000001,8.664
0.00816,9.120000000000001
0.008180000000000002,9.120000000000001
0.0082,8.664
0.00822,9.120000000000001
0.00824,8.664
0.00826,8.664
0.008280000000000001,8.208
0.0083,8.208
0.008320000000000001,8.208
0.00834,7.752000000000001
0.008360000000000001,7.752000000000001
0.00838,7.296
0.008400000000000001,7.296
0.00842,6.84
0.008440000000000001,6.84
0.00846,6.84
0.008480000000000001,6.84
0.0085,6.384
0.008520000000000002,6.384
0.00854,6.384
0.00856,6.384
0.00858,5.928
0.0086,5.472
0.008620000000000001,5.016
0.00864,5.016
0.008660000000000001,5.016
0.00868,4.5600000000000005
0.008700000000000001,4.104
0.00872,4.104
0.008740000000000001,4.104
0.00876,3.648
0.008780000000000001,3.192
0.0088,3.192
0.008820000000000001,2.736
0.00884,2.736
0.008860000000000002,2.2800000000000002
0.00888,2.2800000000000002
0.0089,1.824
0.00892,1.368
0.00894,1.368
0.008960000000000001,0.912
0.00898,0.912
0.009000000000000001,0.456
0.00902,0.0
0.009040000000000001,-0.456
0.00906,-0.456
0.009080000000000001,-0.456
0.0091,-0.456
0.009120000000000001,-0.912
0.00914,-0.912
0.009160000000000001,-1.368
0.00918,-1.824
0.009200000000000002,-2.2800000000000002
0.00922,-2.2800000000000002
0.00924,-2.2800000000000002
0.009260000000000001,-2.736
0.00928,-2.736
0.009300000000000001,-3.648
0.00932,-3.648
0.009340000000000001,-3.648
0.00936,-4.104
0.009380000000000001,-4.104
0.0094,-4.5600000000000005
0.009420000000000001,-5.016
0.00944,-5.016
0.009460000000000001,-5.016
0.00948,-5.472
0.009500000000000001,-5.928
0.00952,-5.472
0.009540000000000002,-5.928
0.00956,-5.928
0.00958,-6.384
0.009600000000000001,-6.384
0.00962,-6.384
0.009640000000000001,-6.84
0.00966,-6.84
0.009680000000000001,-7.296
0.0097,-7.296
0.009720000000000001,-7.752000000000001
0.00974,-7.296
0.009760000000000001,-7.752000000000001
0.00978,-8.208
0.009800000000000001,-8.208
0.00982,-7.752000000000001
0.009840000000000002,-8.664
0.00986,-8.664
0.009880000000000002,-8.664
0.0099,-8.664
0.00992,-8.664
0.009940000000000001,-8.664
0.00996,-9.120000000000001
0.009980000000000001,-9.120000000000001
0.01,-9.120000000000001
0.010020000000000001,-9.120000000000001
0.01004,-9.120000000000001
0.010060000000000001,-9.120000000000001
0.01008,-9.120000000000001
0.010100000000000001,-9.120000000000001
0.01012,-9.120000000000001
0.010140000000000001,-9.120000000000001
0.01016,-9.120000000000001
0.010180000000000002,-9.120000000000001
0.0102,-9.120000000000001
0.010220000000000002,-9.120000000000001
0.01024,-9.120000000000001
0.01026,-9.120000000000001
0.010280000000000001,-9.120000000000001
0.0103,-8.664
0.010320000000000001,-8.208
0.01034,-8.664
0.010360000000000001,-8.664
0.01038,-9.120000000000001
0.010400000000000001,-8.664
0.01042,-8.208
0.010440000000000001,-8.208
0.01046,-7.752000000000001
0.010480000000000001,-8.208
0.0105,-7.752000000000001
0.010520000000000002,-7.752000000000001
0.01054,-7.296
0.010560000000000002,-7.296
0.01058,-6.84
0.0106,-6.84
0.010620000000000001,-6.384
0.01064,-6.384
0.010660000000000001,-6.384
0.01068,-6.384
0.010700000000000001,-6.384
0.01072,-5.928
0.010740000000000001,-5.472
0.01076,-5.472
0.010780000000000001,-5.016
0.0108,-5.016
0.010820000000000001,-4.5600000000000005
0.01084,-4.5600000000000005
0.010860000000000002,-4.104
0.01088,-4.104
0.010900000000000002,-3.648
0.010920000000000001,-3.648
0.01094,-3.192
0.010960000000000001,-3.192
0.01098,-2.736
0.011000000000000001,-2.736
0.01102,-2.2800000000000002
0.011040000000000001,-1.824
0.01106,-1.824
0.011080000000000001,-1.368
0.0111,-1.368
0.011120000000000001,-1.368
0.01114,-0.912
0.011160000000000002,-0.456
0.01118,-0.456
0.011200000000000002,-0.456
0.01122,0.0
0.011240000000000002,0.456
0.011260000000000001,0.456
0.01128,0.456
0.011300000000000001,0.912
0.01132,1.368
0.011340000000000001,1.824
0.01136,1.824
0.011380000000000001,2.2800000000000002
0.0114,2.736
0.011420000000000001,2.736
0.01144,3.192
0.011460000000000001,3.648
0.01148,3.648
0.011500000000000002,4.104
0.01152,4.104
0.011540000000000002,4.104
0.01156,4.5600000000000005
0.011580000000000002,4.5600000000000005
0.011600000000000001,4.5600000000000005
0.01162,5.472
0.011640000000000001,5.928
0.01166,5.928
0.011680000000000001,5.928
0.0117,6.384
0.011720000000000001,6.384
0.01174,6.384
0.011760000000000001,6.84
0.01178,6.84
0.011800000000000001,7.296
0.01182,7.296
0.011840000000000002,7.296
0.01186,7.752000000000001
0.011880000000000002,7.752000000000001
0.0119,7.752000000000001
0.011920000000000002,7.752000000000001
0.011940000000000001,8.208
0.01196,8.208
0.011980000000000001,8.208
0.012,8.208
0.012020000000000001,8.664
0.01204,8.664
0.012060000000000001,8.664
0.01208,9.120000000000001
0.012100000000000001,9.120000000000001
0.01212,9.120000000000001
0.012140000000000001,9.120000000000001
0.01216,9.576
0.012180000000000002,9.120000000000001
0.0122,9.120000000000001
0.012220000000000002,9.576
0.012240000000000001,9.576
0.012260000000000002,9.576
0.012280000000000001,10.032
0.0123,9.576
0.012320000000000001,10.032
0.01234,10.032
0.012360000000000001,9.576
0.01238,9.576
0.012400000000000001,9.576
0.01242,9.576
0.012440000000000001,9.576
0.01246,9.576
0.012480000000000002,9.576
0.0125,9.576
0.012520000000000002,9.576
0.01254,9.120000000000001
0.012560000000000002,9.576
0.012580000000000001,9.120000000000001
0.012600000000000002,9.576
0.012620000000000001,9.120000000000001
0.01264,8.664
0.012660000000000001,9.120000000000001
0.01268,9.120000000000001
0.012700000000000001,8.664
0.01272,8.664
0.012740000000000001,8.664
0.01276,8.664
0.012780000000000001,7.752000000000001
0.0128,7.752000000000001
0.012820000000000002,7.752000000000001
0.01284,7.752000000000001
0.012860000000000002,7.296
0.01288,7.296
0.012900000000000002,7.296
0.012920000000000001,6.84
0.012940000000000002,6.84
0.012960000000000001,6.84
0.01298,6.84
0.013000000000000001,6.384
0.01302,6.384
0.013040000000000001,5.472
0.01306,5.928
0.013080000000000001,5.472
0.0131,5.016
0.013120000000000001,5.016
0.01314,4.5600000000000005
0.013160000000000002,4.104
0.01318,4.104
0.013200000000000002,3.648
0.01322,3.648
0.013240000000000002,3.192
0.013260000000000001,3.192
0.013280000000000002,2.736
0.013300000000000001,2.736
0.01332,2.736
0.013340000000000001,2.2800000000000002
0.01336,1.824
0.013380000000000001,1.368
0.0134,1.368
0.013420000000000001,1.368
0.01344,0.912
0.013460000000000001,0.456
0.01348,0.0
0.013500000000000002,-0.456
0.01352,-0.456
0.013540000000000002,-0.456
0.013560000000000001,-0.912
0.013580000000000002,-0.456
0.013600000000000001,-0.912
0.013620000000000002,-1.368
0.013640000000000001,-1.824
0.01366,-1.824
0.013680000000000001,-2.2800000000000002
0.0137,-2.2800000000000002
0.013720000000000001,-2.736
0.01374,-3.192
0.013760000000000001,-3.192
0.01378,-3.192
0.013800000000000002,-3.648
0.01382,-4.104
0.013840000000000002,-4.104
0.01386,-4.104
0.013880000000000002,-4.5600000000000005
0.013900000000000001,-4.5600000000000005
0.013920000000000002,-5.016
0.013940000000000001,-5.472
0.013960000000000002,-5.472
0.013980000000000001,-5.928
0.014,-5.928
0.014020000000000001,-5.928
0.01404,-5.928
0.014060000000000001,-6.384
0.01408,-6.84
0.014100000000000001,-6.84
0.01412,-7.296
0.014140000000000002,-7.296
0.01416,-7.296
0.014180000000000002,-7.752000000000001
0.0142,-7.752000000000001
0.014220000000000002,-7.752000000000001
0.014240000000000001,-7.752000000000001
0.014260000000000002,-8.208
0.014280000000000001,-8.208
0.014300000000000002,-8.208
0.014320000000000001,-9.120000000000001
0.01434,-8.664
0.014360000000000001,-9.120000000000001
0.01438,-8.664
0.014400000000000001,-8.664
0.01442,-9.120000000000001
0.014440000000000001,-9.120000000000001
0.01446,-9.120000000000001
0.014480000000000002,-9.120000000000001
0.0145,-9.120000000000001
0.014520000000000002,-9.120000000000001
0.01454,-9.120000000000001
0.014560000000000002,-9.120000000000001
0.014580000000000001,-9.120000000000001
0.014600000000000002,-9.120000000000001
0.014620000000000001,-9.120000000000001
0.014640000000000002,-9.120000000000001
0.014660000000000001,-9.120000000000001
0.01468,-9.120000000000001
0.014700000000000001,-9.120000000000001
0.01472,-9.120000000000001
0.014740000000000001,-9.120000000000001
0.01476,-9.120000000000001
0.014780000000000001,-9.120000000000001
0.0148,-8.664
0.014820000000000002,-8.664
0.01484,-8.664
0.014860000000000002,-8.664
0.01488,-8.208
0.014900000000000002,-8.664
0.014920000000000001,-7.752000000000001
0.014940000000000002,-7.752000000000001
0.014960000000000001,-7.296
0.014980000000000002,-7.752000000000001
0.015000000000000001,-7.752000000000001
0.01502,-7.296
0.015040000000000001,-6.84
0.01506,-6.84
0.015080000000000001,-6.84
0.0151,-6.384
0.015120000000000001,-6.384
0.01514,-6.384
0.015160000000000002,-5.928
0.01518,-5.928
0.015200000000000002,-5.928
0.015220000000000001,-5.472
0.015240000000000002,-5.472
0.015260000000000001,-5.016
0.015280000000000002,-5.016
0.015300000000000001,-5.016
0.015320000000000002,-4.5600000000000005
0.015340000000000001,-4.5600000000000005
0.015360000000000002,-4.104
0.015380000000000001,-4.104
0.0154,-3.192
0.015420000000000001,-3.192
0.01544,-2.736
0.015460000000000002,-2.736
0.01548,-2.736
0.015500000000000002,-2.2800000000000002
0.01552,-1.824
0.015540000000000002,-1.368
0.015560000000000001,-1.368
0.015580000000000002,-0.912
0.015600000000000001,-0.912
0.015620000000000002,-0.456
0.01564,-0.456
0.01566,-0.456
0.015680000000000003,0.0
0.015700000000000002,0.456
0.01572,0.456
0.01574,0.456
0.01576,0.912
0.015780000000000002,1.368
0.0158,1.824
0.01582,1.824
0.01584,2.2800000000000002
0.015860000000000003,2.736
0.015880000000000002,2.736
0.0159,3.192
0.01592,3.192
0.015940000000000003,3.648
0.015960000000000002,3.192
0.01598,4.104
0.016,4.104
0.016020000000000003,4.5600000000000005
0.016040000000000002,5.016
0.01606,5.016
0.01608,5.472
0.0161,5.472
0.016120000000000002,5.928
0.01614,5.928
0.01616,6.384
0.01618,6.384
0.016200000000000003,6.84
0.016220000000000002,6.84
0.01624,6.84
0.01626,6.84
0.016280000000000003,6.84
0.016300000000000002,7.296
0.01632,7.296
0.01634,7.752000000000001
0.016360000000000003,7.752000000000001
0.016380000000000002,7.752000000000001
0.0164,8.664
0.01642,8.208
0.01644,8.208
0.016460000000000002,8.664
0.01648,8.664
0.0165,8.664
0.01652,8.664
0.016540000000000003,9.120000000000001
0.016560000000000002,9.576
0.01658,9.120000000000001
0.0166,9.120000000000001
0.016620000000000003,9.120000000000001
0.016640000000000002,9.576
0.01666,9.576
0.01668,9.576
0.016700000000000003,10.032
0.016720000000000002,9.576
0.01674,9.576
0.01676,9.576
0.01678,10.488
0.016800000000000002,9.576
0.01682,10.032
0.01684,9.576
0.01686,9.576
0.016880000000000003,10.032
0.016900000000000002,9.576
0.01692,9.576
0.01694,9.576
0.016960000000000003,9.576
0.016980000000000002,9.120000000000001
0.017,9.576
0.01702,9.120000000000001
0.017040000000000003,9.120000000000001
0.017060000000000002,9.120000000000001
0.01708,9.120000000000001
0.0171,9.120000000000001
0.01712,9.120000000000001
0.017140000000000002,8.664
0.01716,8.664
0.01718,8.664
0.0172,8.208
0.017220000000000003,8.208
0.017240000000000002,7.752000000000001
0.01726,7.752000000000001
0.01728,7.752000000000001
0.017300000000000003,7.752000000000001
0.017320000000000002,7.752000000000001
0.01734,7.296
0.01736,7.296
0.017380000000000003,6.84
0.017400000000000002,6.84
0.01742,6.84
0.01744,6.384
0.01746,6.384
0.017480000000000002,6.384
0.0175,5.928
0.01752,5.928
0.01754,5.016
0.017560000000000003,5.016
0.017580000000000002,5.016
0.0176,4.5600000000000005
0.01762,4.5600000000000005
0.017640000000000003,4.104
0.017660000000000002,3.648
0.01768,3.648
0.0177,3.648
0.017720000000000003,3.192
0.017740000000000002,2.736
0.01776,2.736
0.01778,2.2800000000000002
0.0178,1.824
0.017820000000000003,1.824
0.01784,1.824
0.01786,1.368
0.01788,1.368
0.017900000000000003,0.912
0.017920000000000002,0.456
0.01794,0.0
0.01796,0.0
0.017980000000000003,-0.456
0.018000000000000002,-0.456
0.01802,-0.456
0.01804,-0.912
0.018060000000000003,-0.912
0.018080000000000002,-1.368
0.0181,-1.824
0.01812,-1.824
0.01814,-1.824
0.018160000000000003,-2.2800000000000002
0.01818,-2.2800000000000002
0.0182,-2.736
0.01822,-3.192
0.018240000000000003,-3.192
0.018260000000000002,-3.648
0.01828,-4.104
0.0183,-4.104
0.018320000000000003,-4.5600000000000005
0.018340000000000002,-4.5600000000000005
0.01836,-5.016
0.01838,-5.016
0.018400000000000003,-5.472
0.018420000000000002,-5.472
0.01844,-5.928
0.01846,-5.472
0.01848,-5.928
0.018500000000000003,-6.384
0.018520000000000002,-6.384
0.01854,-6.384
0.01856,-6.84
0.018580000000000003,-6.84
0.018600000000000002,-7.296
0.01862,-7.296
0.01864,-7.296
0.018660000000000003,-7.296
0.018680000000000002,-7.752000000000001
0.0187,-7.752000000000001
0.01872,-8.208
0.018740000000000003,-8.664
0.018760000000000002,-8.208
0.01878,-8.664
0.0188,-8.664
0.01882,-8.664
0.018840000000000003,-8.664
0.018860000000000002,-9.120000000000001
0.01888,-8.664
0.0189,-9.120000000000001
0.018920000000000003,-8.664
0.018940000000000002,-9.120000000000001
0.01896,-9.120000000000001
0.01898,-9.120000000000001
0.019000000000000003,-9.120000000000001
0.019020000000000002,-9.120000000000001
0.01904,-9.120000000000001
0.01906,-9.120000000000001
0.019080000000000003,-9.120000000000001
0.019100000000000002,-9.120000000000001
0.01912,-9.576
0.01914,-9.120000000000001
0.01916,-9.120000000000001
0.019180000000000003,-9.120000000000001
0.019200000000000002,-8.664
0.01922,-9.120000000000001
0.01924,-8.664
0.019260000000000003,-9.120000000000001
0.019280000000000002,-9.120000000000001
0.0193,-8.664
0.01932,-8.664
0.019340000000000003,-8.664
0.019360000000000002,-8.208
0.01938,-7.752000000000001
0.0194,-8.208
0.019420000000000003,-7.752000000000001
0.019440000000000002,-7.752000000000001
0.01946,-7.296
0.01948,-7.296
0.0195,-7.296
0.019520000000000003,-6.84
0.019540000000000002,-6.84
0.01956,-6.84
0.01958,-6.84
0.019600000000000003,-6.384
0.019620000000000002,-6.384
0.01964,-5.928
0.01966,-5.928
0.019680000000000003,-5.472
0.019700000000000002,-5.472
0.01972,-4.5600000000000005
0.01974,-5.016
0.019760000000000003,-4.5600000000000005
0.019780000000000002,-4.5600000000000005
0.0198,-4.5600000000000005
0.01982,-4.104
0.01984,-3.648
0.019860000000000003,-3.648
0.019880000000000002,-3.192
0.0199,-2.736
0.01992,-2.736
0.019940000000000003,-2.736
0.019960000000000002,-2.736
0.01998,-2.2800000000000002
0.02,-1.824
0.020020000000000003,-1.368
0.020040000000000002,-0.912
0.02006,-0.912
0.02008,-0.456
0.020100000000000003,-0.456
0.020120000000000002,0.0
0.02014,0.0
0.02016,0.0
0.02018,0.456
0.020200000000000003,0.912
0.020220000000000002,0.912
0.02024,1.368
0.02026,1.824
0.020280000000000003,2.2800000000000002
0.020300000000000002,2.2800000000000002
0.02032,2.2800000000000002
0.02034,2.736
0.020360000000000003,2.736
0.020380000000000002,3.192
0.0204,3.648
0.02042,3.648
0.020440000000000003,3.648
0.020460000000000002,4.104
0.02048,4.5600000000000005
0.0205,4.5600000000000005
0.02052,4.5600000000000005
0.020540000000000003,5.016
0.020560000000000002,5.928
0.02058,5.928
0.0206,5.928
0.020620000000000003,6.384
0.020640000000000002,5.928
0.02066,6.84
0.02068,6.384
0.020700000000000003,6.84
0.020720000000000002,6.84
0.02074,7.296
0.02076,7.296
0.020780000000000003,7.296
0.020800000000000003,7.752000000000001
0.02082,7.752000000000001
0.02084,8.208
0.02086,8.208
0.020880000000000003,8.208
0.020900000000000002,8.208
0.02092,8.208
0.02094,8.664
0.020960000000000003,8.664
0.020980000000000002,8.664
0.021,8.664
0.02102,9.120000000000001
0.021040000000000003,9.120000000000001
0.021060000000000002,9.120000000000001
0.02108,9.576
0.0211,9.120000000000001
0.021120000000000003,9.576
0.021140000000000003,9.576
0.02116,9.120000000000001
0.02118,9.576
0.0212,9.576
0.021220000000000003,9.576
0.021240000000000002,9.576
0.02126,9.120000000000001
0.02128,9.576
0.021300000000000003,9.576
0.021320000000000002,9.576
0.02134,9.576
0.02136,9.576
0.021380000000000003,9.576
0.021400000000000002,9.576
0.02142,9.120000000000001
0.02144,9.576
0.021460000000000003,9.576
0.021480000000000003,9.576
0.021500000000000002,9.120000000000001
0.02152,9.120000000000001
0.02154,8.664
0.021560000000000003,9.120000000000001
0.021580000000000002,8.664
0.0216,9.120000000000001
0.02162,8.664
0.021640000000000003,8.664
0.021660000000000002,8.664
0.02168,8.208
0.0217,8.208
0.021720000000000003,8.208
0.021740000000000002,7.752000000000001
0.02176,7.752000000000001
0.02178,7.296
0.021800000000000003,6.84
0.021820000000000003,7.296
0.021840000000000002,6.84
0.02186,6.84
0.02188,6.84
0.021900000000000003,6.384
0.021920000000000002,6.384
0.02194,6.384
0.02196,5.928
0.021980000000000003,5.472
0.022000000000000002,5.472
0.02202,5.016
0.02204,5.016
0.022060000000000003,4.5600000000000005
0.022080000000000002,4.104
0.0221,4.104
0.02212,3.648
0.022140000000000003,3.648
0.022160000000000003,3.192
0.022180000000000002,3.192
0.0222,3.192
0.02222,2.736
0.022240000000000003,2.2800000000000002
0.022260000000000002,2.2800000000000002
0.02228,1.824
0.0223,1.824
0.022320000000000003,1.368
0.022340000000000002,0.912
0.02236,0.456
0.02238,0.456
0.022400000000000003,0.456
0.022420000000000002,0.0
0.02244,0.0
0.02246,-0.456
0.022480000000000003,-0.456
0.022500000000000003,-0.912
0.022520000000000002,-1.368
0.02254,-1.368
0.02256,-1.368
0.022580000000000003,-1.824
0.022600000000000002,-2.2800000000000002
0.02262,-2.2800000000000002
0.02264,-2.736
0.022660000000000003,-2.736
0.022680000000000002,-2.736
0.0227,-3.648
0.02272,-3.192
0.022740000000000003,-4.104
0.022760000000000002,-4.104
0.02278,-4.104
0.0228,-4.5600000000000005
0.022820000000000003,-5.016
0.022840000000000003,-5.016
0.022860000000000002,-5.472
0.02288,-5.472
0.0229,-5.472
0.022920000000000003,-5.472
0.022940000000000002,-5.928
0.02296,-6.384
0.02298,-6.384
0.023000000000000003,-6.384
0.023020000000000002,-6.84
0.02304,-7.296
0.02306,-6.84
0.023080000000000003,-7.296
0.023100000000000002,-7.752000000000001
0.02312,-7.752000000000001
0.02314,-7.752000000000001
0.023160000000000004,-7.752000000000001
0.023180000000000003,-7.752000000000001
0.023200000000000002,-8.208
0.02322,-8.208
0.02324,-8.664
0.023260000000000003,-8.664
0.023280000000000002,-8.664
0.0233,-8.664
0.02332,-9.120000000000001
0.023340000000000003,-9.120000000000001
0.023360000000000002,-9.120000000000001
0.02338,-9.120000000000001
0.0234,-9.120000000000001
0.023420000000000003,-9.120000000000001
0.023440000000000003,-9.120000000000001
0.02346,-9.120000000000001
0.02348,-9.120000000000001
0.023500000000000004,-9.120000000000001
0.023520000000000003,-9.120000000000001
0.023540000000000002,-9.120000000000001
0.02356,-9.120000000000001
0.02358,-9.120000000000001
0.023600000000000003,-9.120000000000001
0.023620000000000002,-9.576
0.02364,-9.120000000000001
0.02366,-9.120000000000001
0.023680000000000003,-8.664
0.023700000000000002,-9.120000000000001
0.02372,-8.664
0.02374,-8.664
0.023760000000000003,-8.664
0.023780000000000003,-8.664
0.0238,-8.664
0.02382,-8.208
0.023840000000000004,-8.208
0.023860000000000003,-7.752000000000001
0.023880000000000002,-7.752000000000001
0.0239,-7.752000000000001
0.02392,-7.752000000000001
0.023940000000000003,-7.296
0.023960000000000002,-6.84
0.02398,-7.296
0.024,-6.84
0.024020000000000003,-6.84
0.024040000000000002,-6.384
0.02406,-6.384
0.02408,-6.384
0.024100000000000003,-5.928
0.024120000000000003,-5.928
0.02414,-5.472
0.02416,-5.472
0.024180000000000004,-5.472
0.024200000000000003,-5.016
0.024220000000000002,-5.016
0.02424,-4.5600000000000005
0.02426,-4.104
0.024280000000000003,-4.104
0.024300000000000002,-4.104
0.02432,-3.192
0.02434,-3.192
0.024360000000000003,-2.736
0.024380000000000002,-2.736
0.0244,-2.2800000000000002
0.02442,-2.2800000000000002
0.024440000000000003,-2.2800000000000002
0.024460000000000003,-1.824
0.024480000000000002,-1.368
0.0245,-0.912
0.024520000000000004,-0.912
0.024540000000000003,-0.456
0.024560000000000002,-0.456
0.02458,0.0
0.0246,0.0
0.024620000000000003,0.456
0.024640000000000002,0.0
0.02466,0.912
0.02468,0.912
0.024700000000000003,1.368
0.024720000000000002,1.824
0.02474,1.824
0.02476,2.2800000000000002
0.024780000000000003,2.2800000000000002
0.024800000000000003,2.736
0.024820000000000002,3.192
0.02484,3.192
0.024860000000000004,3.192
0.024880000000000003,3.648
0.024900000000000002,4.104
0.02492,4.104
0.02494,4.104
0.024960000000000003,4.5600000000000005
0.024980000000000002,4.5600000000000005
0.025,5.016
0.02502,5.016
0.025040000000000003,5.016
0.025060000000000002,5.928
0.02508,6.384
0.0251,6.384
0.025120000000000003,6.384
0.025140000000000003,6.84
0.025160000000000002,6.84
0.02518,6.84
0.025200000000000004,6.84
0.025220000000000003,7.296
0.025240000000000002,7.296
0.02526,7.752000000000001
0.02528,7.752000000000001
0.025300000000000003,8.208
0.025320000000000002,8.208
0.02534,8.208
0.02536,8.208
0.025380000000000003,8.208
0.025400000000000002,8.664
0.02542,8.664
0.02544,8.664
0.025460000000000003,9.120000000000001
0.025480000000000003,8.664
0.025500000000000002,9.120000000000001
0.02552,9.576
0.025540000000000004,9.576
0.025560000000000003,9.576
0.025580000000000002,9.120000000000001
0.0256,9.120000000000001
0.02562,9.576
0.025640000000000003,9.576
0.025660000000000002,9.576
0.02568,9.576
0.0257,9.576
0.025720000000000003,9.576
0.025740000000000002,9.576
0.02576,9.576
0.02578,9.576
0.025800000000000003,9.576
0.025820000000000003,10.032
0.025840000000000002,9.120000000000001
0.02586,9.576
0.025880000000000004,9.576
0.025900000000000003,9.576
0.025920000000000002,9.576
0.02594,9.120000000000001
0.02596,9.120000000000001
0.025980000000000003,9.120000000000001
0.026000000000000002,9.120000000000001
0.02602,9.120000000000001
0.02604,9.120000000000001
0.026060000000000003,9.120000000000001
0.026080000000000002,8.664
0.0261,8.664
0.02612,8.664
0.026140000000000004,8.208
0.026160000000000003,8.208
0.026180000000000002,8.208
0.0262,8.208
0.026220000000000004,7.752000000000001
0.026240000000000003,7.296
0.026260000000000002,7.752000000000001
0.02628,7.296
0.0263,6.84
0.026320000000000003,6.84
0.026340000000000002,7.296
0.02636,6.384
0.02638,6.384
0.026400000000000003,6.384
0.026420000000000003,6.384
0.02644,5.928
0.02646,5.472
0.026480000000000004,5.472
0.026500000000000003,5.016
0.026520000000000002,4.5600000000000005
0.02654,4.5600000000000005
0.026560000000000004,4.104
0.026580000000000003,4.104
0.026600000000000002,4.104
0.02662,3.648
0.02664,3.192
0.026660000000000003,3.192
0.026680000000000002,2.736
0.0267,2.736
0.02672,2.2800000000000002
0.026740000000000003,1.824
0.026760000000000003,1.824
0.02678,1.824
0.0268,1.368
0.026820000000000004,0.912
0.026840000000000003,0.456
0.026860000000000002,0.456
0.02688,0.0
0.026900000000000004,-0.456
0.026920000000000003,-0.456
0.026940000000000002,-0.456
0.02696,-0.912
0.02698,-0.912
0.027000000000000003,-0.912
0.027020000000000002,-1.824
0.02704,-1.368
0.02706,-1.824
0.027080000000000003,-2.2800000000000002
0.027100000000000003,-2.736
0.027120000000000002,-2.736
0.02714,-2.736
0.027160000000000004,-3.192
0.027180000000000003,-3.192
0.027200000000000002,-4.104
0.02722,-4.104
0.027240000000000004,-4.104
0.027260000000000003,-4.5600000000000005
0.027280000000000002,-5.016
0.0273,-5.016
0.02732,-5.016
0.027340000000000003,-5.472
0.027360000000000002,-5.928
0.02738,-5.928
0.0274,-6.384
0.027420000000000003,-6.384
0.027440000000000003,-6.84
0.027460000000000002,-6.384
0.02748,-6.84
0.027500000000000004,-6.84
0.027520000000000003,-7.296
0.027540000000000002,-7.296
0.02756,-7.296
0.027580000000000004,-7.752000000000001
0.027600000000000003,-7.752000000000001
0.027620000000000002,-7.752000000000001
0.02764,-7.752000000000001
0.02766,-8.208
0.027680000000000003,-7.752000000000001
0.027700000000000002,-8.664
0.02772,-8.664
0.02774,-8.664
0.027760000000000003,-8.664
0.027780000000000003,-8.664
0.027800000000000002,-9.120000000000001
0.02782,-9.120000000000001
0.027840000000000004,-9.120000000000001
0.027860000000000003,-9.120000000000001
0.027880000000000002,-9.120000000000001
0.0279,-9.120000000000001
0.027920000000000004,-9.120000000000001
0.027940000000000003,-9.120000000000001
0.027960000000000002,-9.120000000000001
0.02798,-9.120000000000001
0.028,-9.120000000000001
0.028020000000000003,-9.120000000000001
0.028040000000000002,-9.576
0.02806,-9.120000000000001
0.02808,-9.120000000000001
0.028100000000000003,-8.664
0.028120000000000003,-8.664
0.028140000000000002,-9.120000000000001
0.02816,-9.120000000000001
0.028180000000000004,-8.664
0.028200000000000003,-8.664
0.028220000000000002,-8.664
0.02824,-8.208
0.028260000000000004,-8.664
0.028280000000000003,-8.208
0.028300000000000002,-8.208
0.02832,-7.752000000000001
0.02834,-8.208
0.028360000000000003,-7.752000000000001
0.028380000000000002,-7.296
0.0284,-7.296
0.02842,-7.296
0.028440000000000003,-7.296
0.028460000000000003,-6.84
0.028480000000000002,-6.384
0.0285,-6.84
0.028520000000000004,-5.928
0.028540000000000003,-6.384
0.028560000000000002,-5.472
0.02858,-5.472
0.028600000000000004,-5.472
0.028620000000000003,-5.472
0.028640000000000002,-5.472
0.02866,-5.016
0.02868,-5.016
0.028700000000000003,-4.5600000000000005
0.028720000000000002,-4.5600000000000005
0.02874,-4.5600000000000005
0.02876,-3.648
0.028780000000000003,-3.648
0.028800000000000003,-3.648
0.028820000000000002,-2.736
0.02884,-2.736
0.028860000000000004,-2.736
0.028880000000000003,-2.2800000000000002
0.028900000000000002,-2.2800000000000002
0.02892,-1.368
0.028940000000000004,-1.368
0.028960000000000003,-1.368
0.028980000000000002,-1.368
0.029,-0.912
0.02902,-0.456
0.029040000000000003,-0.456
0.029060000000000002,-0.456
0.02908,0.0
0.0291,0.456
0.029120000000000004,0.456
0.029140000000000003,1.368
0.029160000000000002,1.368
0.02918,1.368
0.029200000000000004,1.824
0.029220000000000003,1.824
0.029240000000000002,2.2800000000000002
0.02926,2.736
0.029280000000000004,2.736
0.029300000000000003,3.192
0.029320000000000002,3.192
0.02934,3.648
0.02936,3.648
0.029380000000000003,4.104
0.029400000000000003,4.5600000000000005
0.02942,4.5600000000000005
0.02944,4.5600000000000005
0.029460000000000004,5.016
0.029480000000000003,5.016
0.029500000000000002,5.016
0.02952,5.472
0.029540000000000004,5.928
0.029560000000000003,5.928
0.029580000000000002,6.384
0.0296,6.84
0.029620000000000004,6.84
0.029640000000000003,6.84
0.029660000000000002,7.296
0.02968,7.296
0.0297,7.752000000000001
0.029720000000000003,7.752000000000001
0.029740000000000003,7.752000000000001
0.02976,7.752000000000001
0.02978,8.208
0.029800000000000004,8.208
0.029820000000000003,8.208
0.029840000000000002,8.208
0.02986,8.664
0.029880000000000004,8.664
0.029900000000000003,9.120000000000001
0.029920000000000002,9.120000000000001
0.02994,9.120000000000001
0.029960000000000004,9.120000000000001
0.029980000000000003,9.120000000000001
0.030000000000000002,9.576
0.03002,9.576
0.03004,9.120000000000001
0.030060000000000003,9.120000000000001
0.030080000000000003,9.576
0.030100000000000002,9.576
0.03012,9.576
0.030140000000000004,10.032
0.030160000000000003,9.576
0.030180000000000002,9.576
0.0302,9.576
0.030220000000000004,10.032
0.030240000000000003,9.576
0.030260000000000002,9.576
0.03028,9.576
0.030300000000000004,9.576
0.030320000000000003,9.576
0.030340000000000002,9.576
0.03036,9.576
0.03038,9.120000000000001
0.030400000000000003,9.576
0.030420000000000003,9.120000000000001
0.030440000000000002,9.120000000000001
0.03046,9.120000000000001
0.030480000000000004,9.120000000000001
0.030500000000000003,9.120000000000001
0.030520000000000002,9.120000000000001
0.03054,8.664
0.030560000000000004,8.664
0.030580000000000003,8.664
0.030600000000000002,8.208
0.03062,8.208
0.030640000000000004,8.208
0.030660000000000003,7.752000000000001
0.030680000000000002,7.752000000000001
0.0307,7.752000000000001
0.030720000000000004,7.752000000000001
0.030740000000000003,7.296
0.030760000000000003,7.296
0.030780000000000002,6.84
0.0308,6.84
0.030820000000000004,6.84
0.030840000000000003,6.84
0.030860000000000002,6.384
0.03088,5.928
0.030900000000000004,5.928
0.030920000000000003,5.928
0.030940000000000002,5.016
0.03096,5.016
0.030980000000000004,4.5600000000000005
0.031000000000000003,4.5600000000000005
0.031020000000000002,4.5600000000000005
0.03104,4.104
0.031060000000000004,4.104
0.031080000000000003,3.648
0.031100000000000003,3.192
0.031120000000000002,3.192
0.03114,2.736
0.031160000000000004,2.736
0.031180000000000003,2.2800000000000002
0.031200000000000002,1.824
0.03122,1.824
0.031240000000000004,1.368
0.03126,1.368
0.03128,0.912
0.0313,0.912
0.03132,0.456
0.03134,0.0
0.031360000000000006,0.0
0.031380000000000005,-0.456
0.031400000000000004,-0.456
0.031420000000000003,-0.912
0.03144,-0.912
0.03146,-1.368
0.03148,-1.368
0.0315,-1.824
0.03152,-1.824
0.031540000000000006,-2.2800000000000002
0.031560000000000005,-2.2800000000000002
0.031580000000000004,-2.736
0.0316,-2.736
0.03162,-3.192
0.03164,-3.192
0.03166,-4.104
0.03168,-4.104
0.031700000000000006,-4.104
0.031720000000000005,-4.5600000000000005
0.031740000000000004,-5.016
0.031760000000000004,-5.016
0.03178,-5.472
0.0318,-5.016
0.03182,-5.928
0.03184,-5.928
0.03186,-5.928
0.031880000000000006,-6.384
0.031900000000000005,-6.384
0.031920000000000004,-6.384
0.03194,-6.84
0.03196,-6.84
0.03198,-6.84
0.032,-7.296
0.03202,-7.296
0.032040000000000006,-7.296
0.032060000000000005,-7.752000000000001
0.032080000000000004,-7.296
0.032100000000000004,-8.208
0.03212,-7.752000000000001
0.03214,-8.208
0.03216,-8.664
0.03218,-8.664
0.0322,-8.664
0.032220000000000006,-8.664
0.032240000000000005,-9.120000000000001
0.032260000000000004,-9.120000000000001
0.03228,-9.120000000000001
0.0323,-8.664
0.03232,-9.120000000000001
0.03234,-9.120000000000001
0.03236,-9.120000000000001
0.032380000000000006,-9.120000000000001
0.032400000000000005,-9.120000000000001
0.032420000000000004,-9.120000000000001
0.032440000000000004,-8.664
0.03246,-8.664
0.03248,-9.120000000000001
0.0325,-8.664
0.03252,-9.120000000000001
0.03254,-9.120000000000001
0.032560000000000006,-9.120000000000001
0.032580000000000005,-8.664
0.032600000000000004,-8.664
0.03262,-8.664
0.03264,-9.120000000000001
0.03266,-8.664
0.03268,-8.664
0.0327,-8.664
0.032720000000000006,-8.208
0.032740000000000005,-8.208
0.032760000000000004,-8.664
0.032780000000000004,-7.752000000000001
0.0328,-7.752000000000001
0.03282,-7.752000000000001
0.03284,-7.752000000000001
0.03286,-7.296
0.03288,-7.296
0.032900000000000006,-7.296
0.032920000000000005,-6.84
0.032940000000000004,-6.84
0.03296,-6.84
0.03298,-6.84
0.033,-5.928
0.03302,-5.928
0.03304,-5.928
0.033060000000000006,-5.928
0.033080000000000005,-5.928
0.033100000000000004,-5.472
0.033120000000000004,-5.016
0.03314,-5.016
0.03316,-4.5600000000000005
0.03318,-4.5600000000000005
0.0332,-4.104
0.03322,-4.104
0.033240000000000006,-4.104
0.033260000000000005,-3.192
0.033280000000000004,-3.192
0.0333,-3.192
0.03332,-2.736
0.03334,-2.2800000000000002
0.03336,-1.824
0.03338,-2.2800000000000002
0.033400000000000006,-1.368
0.033420000000000005,-1.368
0.033440000000000004,-0.912
0.033460000000000004,-0.912
0.03348,-0.912
0.0335,-0.456
0.03352,-0.456
0.03354,0.0
0.03356,0.0
0.033580000000000006,0.456
0.033600000000000005,0.912
0.033620000000000004,0.912
0.03364,1.824
0.03366,1.824
0.03368,2.2800000000000002
0.0337,2.2800000000000002
0.03372,2.736
0.033740000000000006,2.736
0.033760000000000005,2.736
0.033780000000000004,3.192
0.033800000000000004,3.648
0.03382,3.648
0.03384,3.648
0.03386,4.104
0.03388,4.104
0.0339,5.016
0.033920000000000006,5.016
0.033940000000000005,5.016
0.033960000000000004,5.472
0.03398,5.928
0.034,5.928
0.03402,5.928
0.03404,6.384
0.03406,6.84
0.034080000000000006,6.84
0.034100000000000005,6.84
0.034120000000000004,6.84
0.034140000000000004,7.296
0.03416,7.296
0.03418,7.752000000000001
0.0342,7.752000000000001
0.03422,7.752000000000001
0.03424,7.752000000000001
0.034260000000000006,8.208
0.034280000000000005,8.208
0.034300000000000004,8.664
0.03432,8.208
0.03434,8.664
0.03436,8.664
0.03438,9.120000000000001
0.0344,9.120000000000001
0.034420000000000006,9.120000000000001
0.034440000000000005,9.120000000000001
0.034460000000000005,9.576
0.034480000000000004,9.120000000000001
0.0345,9.576
0.03452,9.576
0.03454,9.576
0.03456,9.576
0.03458,9.576
0.034600000000000006,9.576
0.034620000000000005,10.032
0.034640000000000004,9.576
0.03466,10.032
0.03468,10.032
0.0347,9.576
0.03472,10.032
0.03474,10.032
0.034760000000000006,9.576
0.034780000000000005,9.576
0.034800000000000005,9.576
0.034820000000000004,9.576
0.03484,9.576
0.03486,9.576
0.03488,9.576
0.0349,9.120000000000001
0.03492,9.120000000000001
0.034940000000000006,9.120000000000001
0.034960000000000005,9.120000000000001
0.034980000000000004,8.664
0.035,8.664
0.03502,8.664
0.03504,8.664
0.03506,8.208
0.03508,7.752000000000001
0.035100000000000006,8.208
0.035120000000000005,8.208
0.035140000000000005,7.752000000000001
0.035160000000000004,7.752000000000001
0.03518,7.296
0.0352,7.296
0.03522,6.84
0.03524,7.296
0.03526,6.84
0.035280000000000006,6.84
0.035300000000000005,6.384
0.035320000000000004,6.384
0.03534,5.928
0.03536,5.928
0.03538,5.472
0.0354,5.472
0.03542,5.016
0.035440000000000006,5.016
0.035460000000000005,4.5600000000000005
0.035480000000000005,4.5600000000000005
0.035500000000000004,4.104
0.03552,4.104
0.03554,3.648
0.03556,3.648
0.03558,3.192
0.0356,3.192
0.035620000000000006,2.736
0.035640000000000005,2.2800000000000002
0.035660000000000004,1.824
0.03568,2.2800000000000002
0.0357,1.824
0.03572,1.368
0.03574,1.368
0.03576,0.912
0.035780000000000006,0.456
0.035800000000000005,0.456
0.035820000000000005,0.0
0.035840000000000004,0.0
0.03586,-0.456
0.03588,-0.912
0.0359,-0.912
0.03592,-1.368
0.03594,-1.368
0.035960000000000006,-1.824
0.035980000000000005,-1.824
0.036000000000000004,-2.2800000000000002
0.03602,-2.2800000000000002
0.03604,-2.736
0.03606,-2.736
0.03608,-3.192
0.0361,-3.192
0.036120000000000006,-4.104
0.036140000000000005,-4.5600000000000005
0.036160000000000005,-4.104
0.036180000000000004,-4.104
0.0362,-4.5600000000000005
0.03622,-5.016
0.03624,-5.016
0.03626,-5.472
0.03628,-5.472
0.036300000000000006,-5.928
0.036320000000000005,-5.928
0.036340000000000004,-5.928
0.03636,-6.384
0.03638,-6.384
0.0364,-6.84
0.03642,-6.84
0.03644,-7.296
0.036460000000000006,-7.296
0.036480000000000005,-6.84
0.036500000000000005,-7.296
0.036520000000000004,-7.296
0.03654,-7.752000000000001
0.03656,-7.752000000000001
0.03658,-7.752000000000001
0.0366,-8.208
0.03662,-8.664
0.036640000000000006,-8.664
0.036660000000000005,-8.664
0.036680000000000004,-8.664
0.0367,-9.120000000000001
0.03672,-8.664
0.03674,-8.664
0.03676,-9.120000000000001
0.03678,-9.120000000000001
0.036800000000000006,-9.120000000000001
0.036820000000000006,-9.120000000000001
0.036840000000000005,-9.120000000000001
0.036860000000000004,-9.120000000000001
0.03688,-9.120000000000001
0.0369,-9.120000000000001
0.03692,-9.120000000000001
0.03694,-9.120000000000001
0.03696,-9.120000000000001
0.036980000000000006,-9.120000000000001
0.037000000000000005,-9.120000000000001
0.037020000000000004,-9.120000000000001
0.037040000000000003,-8.664
0.03706,-9.120000000000001
0.03708,-9.120000000000001
0.0371,-8.664
0.03712,-8.664
0.037140000000000006,-8.664
0.037160000000000006,-8.664
0.037180000000000005,-8.664
0.037200000000000004,-8.208
0.03722,-8.208
0.03724,-8.208
0.03726,-8.208
0.03728,-7.752000000000001
0.0373,-7.752000000000001
0.037320000000000006,-7.752000000000001
0.037340000000000005,-7.296
0.037360000000000004,-7.296
0.037380000000000004,-6.84
0.0374,-6.84
0.03742,-6.384
0.03744,-6.384
0.03746,-6.384
0.037480000000000006,-5.928
0.037500000000000006,-5.928
0.037520000000000005,-5.472
0.037540000000000004,-5.472
0.03756,-5.016
0.03758,-5.016
0.0376,-5.016
0.03762,-4.5600000000000005
0.03764,-4.5600000000000005
0.037660000000000006,-4.104
0.037680000000000005,-4.104
0.037700000000000004,-3.192
0.037720000000000004,-3.192
0.03774,-3.192
0.03776,-3.192
0.03778,-2.2800000000000002
0.0378,-2.2800000000000002
0.037820000000000006,-2.2800000000000002
0.037840000000000006,-1.824
0.037860000000000005,-1.824
0.037880000000000004,-1.368
0.0379,-0.912
0.03792,-0.912
0.03794,-0.912
0.03796,-0.456
0.03798,-0.456
0.038000000000000006,0.0
0.038020000000000005,0.0
0.038040000000000004,0.456
0.038060000000000004,0.456
0.03808,0.912
0.0381,1.368
0.03812,1.824
0.03814,2.2800000000000002
0.038160000000000006,2.2800000000000002
0.038180000000000006,2.2800000000000002
0.038200000000000005,2.736
0.038220000000000004,3.192
0.03824,3.648
0.03826,3.192
0.03828,3.648
0.0383,4.104
0.03832,4.104
0.038340000000000006,4.5600000000000005
0.038360000000000005,4.5600000000000005
0.038380000000000004,5.016
0.038400000000000004,5.016
0.03842,5.016
0.03844,5.928
0.03846,5.928
0.03848,5.928
0.038500000000000006,6.384
0.038520000000000006,6.384
0.038540000000000005,6.84
0.038560000000000004,6.84
0.03858,7.296
0.0386,6.84
0.03862,6.84
0.03864,7.296
0.03866,7.752000000000001
0.038680000000000006,8.208
0.038700000000000005,8.208
0.038720000000000004,8.208
0.038740000000000004,8.208
0.03876,8.664
0.03878,8.664
0.0388,8.664
0.03882,8.664
0.038840000000000006,8.664
0.038860000000000006,9.120000000000001
0.038880000000000005,9.120000000000001
0.038900000000000004,9.120000000000001
0.03892,9.120000000000001
0.03894,9.576
0.03896,9.120000000000001
0.03898,9.120000000000001
0.039,9.576
0.039020000000000006,9.576
0.039040000000000005,9.576
0.039060000000000004,9.576
0.039080000000000004,9.576
0.0391,9.576
0.03912,9.576
0.03914,9.576
0.03916,9.576
0.039180000000000006,9.576
0.039200000000000006,9.576
0.039220000000000005,10.032
0.039240000000000004,9.576
0.03926,9.576
0.03928,9.576
0.0393,9.576
0.03932,9.576
0.03934,9.576
0.039360000000000006,9.120000000000001
0.039380000000000005,9.120000000000001
0.039400000000000004,9.120000000000001
0.039420000000000004,9.120000000000001
0.03944,8.664
0.03946,8.664
0.03948,8.664
0.0395,8.208
0.039520000000000007,8.208
0.039540000000000006,8.208
0.039560000000000005,8.208
0.039580000000000004,7.752000000000001
0.0396,7.752000000000001
0.03962,7.752000000000001
0.03964,7.296
0.03966,7.296
0.03968,7.296
0.039700000000000006,6.84
0.039720000000000005,6.84
0.039740000000000004,6.84
0.039760000000000004,6.384
0.03978,6.384
0.0398,6.384
0.03982,5.928
0.03984,5.928
0.03986000000000001,5.016
0.039880000000000006,5.016
0.039900000000000005,4.5600000000000005
0.039920000000000004,4.5600000000000005
0.03994,4.104
0.03996,4.104
0.03998,4.104
0.04,3.648
0.04002,3.192
0.040040000000000006,3.192
0.040060000000000005,3.192
0.040080000000000005,2.2800000000000002
0.040100000000000004,2.736
0.04012,1.824
0.04014,2.2800000000000002
0.04016,1.824
0.04018,1.368
0.04020000000000001,0.912
0.040220000000000006,0.912
0.040240000000000005,0.456
0.040260000000000004,0.0
0.04028,0.0
0.0403,0.0
0.04032,-0.456
0.04034,-0.456
0.04036,-0.456
0.040380000000000006,-1.368
0.040400000000000005,-1.368
0.040420000000000005,-1.368
0.040440000000000004,-1.824
0.04046,-2.2800000000000002
0.04048,-2.2800000000000002
0.0405,-2.2800000000000002
0.04052,-2.736
0.04054000000000001,-3.192
0.040560000000000006,-3.648
0.040580000000000005,-3.648
0.040600000000000004,-4.104
0.04062,-4.104
0.04064,-4.5600000000000005
0.04066,-4.5600000000000005
0.04068,-4.5600000000000005
0.0407,-5.016
0.040720000000000006,-5.472
0.040740000000000005,-5.472
0.040760000000000005,-5.928
0.040780000000000004,-5.928
0.0408,-5.928
0.04082,-6.384
0.04084,-6.384
0.04086,-6.84
0.04088000000000001,-6.84
0.040900000000000006,-6.84
0.040920000000000005,-7.296
0.040940000000000004,-6.84
0.04096,-7.296
0.04098,-7.752000000000001
0.041,-7.752000000000001
0.04102,-8.208
0.04104,-7.752000000000001
0.041060000000000006,-8.208
0.041080000000000005,-8.664
0.041100000000000005,-8.664
0.041120000000000004,-8.664
0.04114,-9.120000000000001
0.04116,-8.664
0.04118,-8.664
0.0412,-8.664
0.04122000000000001,-8.664
0.041240000000000006,-8.664
0.041260000000000005,-9.120000000000001
0.041280000000000004,-9.120000000000001
0.0413,-9.120000000000001
0.04132,-9.120000000000001
0.04134,-9.576
0.04136,-9.120000000000001
0.04138,-9.120000000000001
0.041400000000000006,-9.120000000000001
0.041420000000000005,-9.120000000000001
0.041440000000000005,-9.120000000000001
0.041460000000000004,-9.120000000000001
0.04148,-9.120000000000001
0.0415,-9.120000000000001
0.04152,-8.664
0.04154,-9.120000000000001
0.04156000000000001,-8.664
0.041580000000000006,-8.664
0.041600000000000005,-8.664
0.041620000000000004,-8.208
0.04164,-8.664
0.04166,-8.208
0.04168,-8.208
0.0417,-8.208
0.04172,-7.752000000000001
0.041740000000000006,-7.752000000000001
0.041760000000000005,-7.752000000000001
0.041780000000000005,-7.752000000000001
0.041800000000000004,-7.296
0.04182,-7.296
0.04184,-6.84
0.04186,-6.84
0.04188,-6.384
0.04190000000000001,-6.84
0.041920000000000006,-6.384
0.041940000000000005,-6.384
0.041960000000000004,-5.928
0.04198,-5.472
0.042,-5.928
0.04202,-5.472
0.04204,-5.016
0.04206,-5.016
0.042080000000000006,-4.5600000000000005
0.042100000000000005,-5.016
0.042120000000000005,-4.104
0.042140000000000004,-4.104
0.04216,-3.648
0.04218,-3.192
0.0422,-3.192
0.04222,-2.736
0.04224000000000001,-2.736
0.042260000000000006,-2.2800000000000002
0.042280000000000005,-2.2800000000000002
0.042300000000000004,-2.2800000000000002
0.04232,-1.368
0.04234,-1.368
0.04236,-0.912
0.04238,-0.912
0.0424,-0.456
0.042420000000000006,-0.456
0.042440000000000005,-0.456
0.042460000000000005,0.0
0.042480000000000004,0.0
0.0425,0.456
0.04252,0.912
0.04254,1.368
0.04256,1.368
0.04258000000000001,1.368
0.042600000000000006,1.824
0.042620000000000005,2.2800000000000002
0.042640000000000004,2.736
0.042660000000000003,2.736
0.04268,2.736
0.0427,3.192
0.04272,3.648
0.04274,3.192
0.042760000000000006,3.648
0.042780000000000006,4.104
0.042800000000000005,4.5600000000000005
0.042820000000000004,4.5600000000000005
0.04284,5.016
0.04286,5.016
0.04288,5.016
0.0429,5.472
0.04292000000000001,5.928
0.042940000000000006,6.384
0.042960000000000005,6.384
0.042980000000000004,6.84
0.043000000000000003,6.384
0.04302,6.84
0.04304,6.84
0.04306,7.296
0.04308,7.296
0.043100000000000006,7.752000000000001
0.043120000000000006,7.752000000000001
0.043140000000000005,7.752000000000001
0.043160000000000004,7.752000000000001
0.04318,8.208
0.0432,8.208
0.04322,8.208
0.04324,8.208
0.04326000000000001,8.208
0.043280000000000006,8.664
0.043300000000000005,8.664
0.043320000000000004,9.120000000000001
0.043340000000000004,9.120000000000001
0.04336,9.120000000000001
0.04338,9.120000000000001
0.0434,9.120000000000001
0.04342,9.120000000000001
0.043440000000000006,9.576
0.043460000000000006,9.576
0.043480000000000005,9.120000000000001
0.043500000000000004,9.576
0.04352,9.576
0.04354,10.032
0.04356,9.576
0.04358,9.576
0.04360000000000001,9.576
0.043620000000000006,9.576
0.043640000000000005,10.032
0.043660000000000004,9.576
0.043680000000000004,9.576
0.0437,9.576
0.04372,9.120000000000001
0.04374,9.576
0.04376,9.576
0.043780000000000006,9.120000000000001
0.043800000000000006,9.120000000000001
0.043820000000000005,9.576
0.043840000000000004,9.120000000000001
0.04386,9.120000000000001
0.04388,8.664
0.0439,9.120000000000001
0.04392,9.120000000000001
0.04394000000000001,8.664
0.043960000000000006,8.664
0.043980000000000005,8.664
0.044000000000000004,8.208
0.044020000000000004,8.208
0.04404,8.208
0.04406,8.208
0.04408,7.752000000000001
0.0441,7.752000000000001
0.044120000000000006,7.296
0.044140000000000006,6.84
0.044160000000000005,6.84
0.044180000000000004,6.84
0.0442,6.84
0.04422,6.84
0.04424,6.384
0.04426,5.928
0.04428000000000001,5.928
0.044300000000000006,5.928
0.044320000000000005,5.472
0.044340000000000004,5.016
0.044360000000000004,5.472
0.04438,4.5600000000000005
0.0444,4.5600000000000005
0.04442,4.5600000000000005
0.04444,3.648
0.044460000000000006,3.648
0.044480000000000006,3.648
0.044500000000000005,3.192
0.044520000000000004,3.192
0.04454,2.736
0.04456,2.2800000000000002
0.04458,2.2800000000000002
0.0446,1.824
0.04462000000000001,1.824
0.044640000000000006,1.368
0.044660000000000005,1.368
0.044680000000000004,1.368
0.044700000000000004,0.912
0.04472,0.0
0.04474,0.0
0.04476,-0.456
0.04478,-0.456
0.044800000000000006,-0.456
0.044820000000000006,-0.912
0.044840000000000005,-0.912
0.044860000000000004,-1.368
0.04488,-1.824
0.0449,-1.824
0.04492,-2.2800000000000002
0.04494,-2.736
0.04496000000000001,-2.2800000000000002
0.044980000000000006,-2.736
0.045000000000000005,-3.192
0.045020000000000004,-3.192
0.045040000000000004,-3.648
0.04506,-4.104
0.04508,-4.5600000000000005
0.0451,-4.5600000000000005
0.04512,-5.016
0.045140000000000007,-4.5600000000000005
0.045160000000000006,-5.016
0.045180000000000005,-5.016
0.045200000000000004,-5.472
0.04522,-5.928
0.04524,-5.928
0.04526,-5.928
0.04528,-6.384
0.04530000000000001,-6.384
0.045320000000000006,-6.384
0.045340000000000005,-6.84
0.045360000000000004,-6.84
0.045380000000000004,-7.296
0.0454,-7.296
0.04542,-7.296
0.04544,-7.296
0.04546,-8.208
0.04548000000000001,-7.752000000000001
0.045500000000000006,-8.208
0.045520000000000005,-8.208
0.045540000000000004,-8.208
0.04556,-8.664
0.04558,-8.664
0.0456,-8.664
0.04562,-8.664
0.04564000000000001,-8.664
0.045660000000000006,-9.120000000000001
0.045680000000000005,-9.120000000000001
0.045700000000000005,-8.664
0.045720000000000004,-9.120000000000001
0.04574,-9.120000000000001
0.04576,-9.120000000000001
0.04578,-9.120000000000001
0.0458,-9.120000000000001
0.04582000000000001,-9.120000000000001
0.045840000000000006,-9.120000000000001
0.045860000000000005,-9.120000000000001
0.045880000000000004,-9.120000000000001
0.0459,-9.120000000000001
0.04592,-9.120000000000001
0.04594,-9.120000000000001
0.04596,-8.664
0.04598000000000001,-9.120000000000001
0.046000000000000006,-8.664
0.046020000000000005,-8.664
0.046040000000000005,-9.120000000000001
0.046060000000000004,-8.664
0.04608,-8.664
0.0461,-8.664
0.04612,-7.752000000000001
0.04614,-8.664
0.04616000000000001,-8.664
0.046180000000000006,-8.208
0.046200000000000005,-7.752000000000001
0.046220000000000004,-7.752000000000001
0.04624,-7.752000000000001
0.04626,-7.296
0.04628,-6.84
0.0463,-6.84
0.04632000000000001,-6.84
0.046340000000000006,-6.84
0.046360000000000005,-6.84
0.046380000000000005,-5.928
0.046400000000000004,-5.928
0.04642,-5.928
0.04644,-5.472
0.04646,-5.928
0.04648,-5.016
0.04650000000000001,-5.016
0.046520000000000006,-4.5600000000000005
0.046540000000000005,-4.5600000000000005
0.046560000000000004,-5.016
0.04658,-4.5600000000000005
0.0466,-4.104
0.04662,-4.104
0.04664,-3.192
0.04666000000000001,-3.192
0.046680000000000006,-3.192
0.046700000000000005,-2.736
0.046720000000000005,-2.2800000000000002
0.046740000000000004,-2.2800000000000002
0.04676,-2.2800000000000002
0.04678,-1.824
0.0468,-1.824
0.04682,-1.368
0.04684000000000001,-0.912
0.046860000000000006,-0.912
0.046880000000000005,-0.456
0.046900000000000004,-0.456
0.04692,-0.456
0.04694,0.0
0.04696,0.456
0.04698,0.456
0.04700000000000001,0.912
0.047020000000000006,1.368
0.047040000000000005,1.368
0.047060000000000005,1.824
0.047080000000000004,1.824
0.0471,2.2800000000000002
0.04712,2.736
0.04714,2.736
0.04716,3.192
0.04718000000000001,3.192
0.047200000000000006,3.648
0.047220000000000005,3.648
0.047240000000000004,4.104
0.04726,4.5600000000000005
0.04728,4.5600000000000005
0.0473,5.016
0.04732,4.5600000000000005
0.04734000000000001,5.016
0.047360000000000006,5.928
0.047380000000000005,5.928
0.047400000000000005,5.928
0.047420000000000004,5.928
0.04744,6.384
0.04746,6.384
0.04748,6.84
0.0475,6.84
0.04752000000000001,6.84
0.047540000000000006,7.296
0.047560000000000005,7.752000000000001
0.047580000000000004,7.296
0.0476,8.208
0.04762,7.752000000000001
0.04764,7.752000000000001
0.04766,8.208
0.04768000000000001,8.208
0.047700000000000006,8.664
0.047720000000000005,8.664
0.047740000000000005,8.664
0.047760000000000004,8.664
0.04778,9.120000000000001
0.0478,9.120000000000001
0.04782,9.120000000000001
0.04784,8.664
0.04786000000000001,9.576
0.047880000000000006,9.576
0.047900000000000005,9.576
0.047920000000000004,9.576
0.04794,9.576
0.04796,10.032
0.04798,9.576
0.048,9.576
0.04802000000000001,9.576
0.048040000000000006,9.576
0.048060000000000005,9.576
0.048080000000000005,10.032
0.048100000000000004,9.576
0.04812,9.576
0.04814,9.576
0.04816,9.576
0.04818,9.576
0.04820000000000001,9.576
0.048220000000000006,9.576
0.048240000000000005,9.576
0.048260000000000004,9.576
0.04828,9.576
0.0483,9.120000000000001
0.04832,9.120000000000001
0.04834,9.120000000000001
0.04836000000000001,8.664
0.048380000000000006,8.664
0.048400000000000006,9.120000000000001
0.048420000000000005,8.664
0.048440000000000004,8.664
0.04846,8.664
0.04848,8.664
0.0485,7.752000000000001
0.04852,7.752000000000001
0.04854000000000001,7.752000000000001
0.048560000000000006,7.296
0.048580000000000005,7.752000000000001
0.048600000000000004,7.296
0.048620000000000003,6.84
0.04864,6.84
0.04866,6.84
0.04868,6.84
0.04870000000000001,6.384
0.048720000000000006,6.384
0.048740000000000006,5.928
0.048760000000000005,5.928
0.048780000000000004,5.928
0.0488,5.016
0.04882,5.016
0.04884,4.5600000000000005
0.04886,4.5600000000000005
0.04888000000000001,4.5600000000000005
0.048900000000000006,3.648
0.048920000000000005,4.104
0.048940000000000004,3.648
0.048960000000000004,3.192
0.04898,3.192
0.049,2.736
0.04902,2.736
0.04904000000000001,2.2800000000000002
0.049060000000000006,2.2800000000000002
0.049080000000000006,2.2800000000000002
0.049100000000000005,1.368
0.049120000000000004,1.368
0.04914,0.456
0.04916,0.456
0.04918,0.456
0.0492,0.0
0.04922000000000001,0.0
0.049240000000000006,-0.456
0.049260000000000005,-0.456
0.049280000000000004,-0.912
0.049300000000000004,-0.912
0.04932,-0.912
0.04934,-1.824
0.04936,-1.824
0.04938000000000001,-2.2800000000000002
0.049400000000000006,-2.2800000000000002
0.049420000000000006,-2.736
0.049440000000000005,-2.736
0.049460000000000004,-3.192
0.04948,-3.648
0.0495,-3.648
0.04952,-4.104
0.04954,-4.104
0.04956000000000001,-4.104
0.049580000000000006,-4.5600000000000005
0.049600000000000005,-5.016
0.049620000000000004,-5.016
0.049640000000000004,-5.016
0.04966,-5.472
0.04968,-5.472
0.0497,-5.928
0.04972000000000001,-5.928
0.049740000000000006,-6.384
0.049760000000000006,-6.384
0.049780000000000005,-6.84
0.049800000000000004,-6.384
0.04982,-6.84
0.04984,-6.84
0.04986,-7.296
0.04988,-7.752000000000001
0.04990000000000001,-7.752000000000001
0.049920000000000006,-7.296
0.049940000000000005,-7.752000000000001
0.049960000000000004,-7.752000000000001
0.049980000000000004,-7.752000000000001
